,Project Name,Transacated Price per Unit,Area (SQFT),Unit Price ($ PSF),Street Name,Floor Level,Sale Date,Year
10000,TERRA HILL,5161150.0,1894.46,2724,YEW SIANG ROAD,01 to 05,2024-02-01,2024
10001,TERRA HILL,5161150.0,1894.46,2724,YEW SIANG ROAD,01 to 05,2024-02-01,2024
10002,SPOTTISWOODE SUITES,1080000.0,441.32,2447,SPOTTISWOODE PARK ROAD,26 to 30,2024-02-01,2024
10003,STIRLING RESIDENCES,1416000.0,624.31,2268,STIRLING ROAD,31 to 35,2024-02-01,2024
10004,COMMONWEALTH TOWERS,2300000.0,1054.87,2180,COMMONWEALTH AVENUE,16 to 20,2024-02-01,2024
10005,CARIBBEAN AT KEPPEL BAY,2260000.0,1227.1,1842,KEPPEL BAY DRIVE,01 to 05,2024-02-01,2024
10006,ECHELON,1900000.0,1001.05,1898,ALEXANDRA VIEW,01 to 05,2024-02-01,2024
10007,ONE-NORTH RESIDENCES,2220000.0,1313.21,1691,ONE-NORTH GATEWAY,11 to 15,2024-02-01,2024
10008,MIDTOWN MODERN,1540440.0,409.03,3766,TAN QUEE LAN STREET,26 to 30,2024-02-01,2024
10009,SEAHILL,1000000.0,624.31,1602,WEST COAST CRESCENT,06 to 10,2024-01-01,2024
10010,THE LANDMARK,2022391.0,764.24,2646,CHIN SWEE ROAD,31 to 35,2024-01-01,2024
10011,MARINA BAY SUITES,5000000.0,2680.24,1866,CENTRAL BOULEVARD,16 to 20,2024-01-01,2024
10012,CORALS AT KEPPEL BAY,6300000.0,2572.6,2449,KEPPEL BAY DRIVE,01 to 05,2024-01-01,2024
10013,VIVA VISTA,685000.0,322.92,2121,SOUTH BUONA VISTA ROAD,01 to 05,2024-01-01,2024
10014,THE LANDMARK,1910888.0,678.13,2818,CHIN SWEE ROAD,21 to 25,2024-01-01,2024
10015,LUMIERE,1065000.0,678.13,1570,MISTRI ROAD,21 to 25,2024-01-01,2024
10016,KENT RIDGE HILL RESIDENCES,1255000.0,645.84,1943,SOUTH BUONA VISTA ROAD,01 to 05,2024-01-01,2024
10017,QUEENS PEAK,1550000.0,775.01,2000,DUNDEE ROAD,21 to 25,2024-01-01,2024
10018,ICON,1900000.0,936.47,2029,GOPENG STREET,36 to 40,2024-01-01,2024
10019,WHISTLER GRAND,2050000.0,1065.64,1924,WEST COAST VALE,26 to 30,2024-01-01,2024
10020,EMERALD GARDEN,2330000.0,979.52,2379,CLUB STREET,11 to 15,2024-01-01,2024
10021,MONTEREY PARK CONDOMINIUM,2250000.0,1367.03,1646,WEST COAST RISE,01 to 05,2024-01-01,2024
10022,THE LANDMARK,2957800.0,1140.98,2592,CHIN SWEE ROAD,21 to 25,2024-01-01,2024
10023,THE TRILINQ,1708888.0,1108.69,1541,JALAN LEMPENG,11 to 15,2024-01-01,2024
10024,ROBINSON SUITES,1800000.0,936.47,1922,ROBINSON ROAD,06 to 10,2024-01-01,2024
10025,CORALS AT KEPPEL BAY,1300000.0,570.49,2279,KEPPEL BAY DRIVE,01 to 05,2024-01-01,2024
10026,THE PEAK@BALMEG,1780000.0,990.29,1797,BALMEG HILL,01 to 05,2024-01-01,2024
10027,THE PARC CONDOMINIUM,2380000.0,1302.44,1827,WEST COAST WALK,11 to 15,2024-01-01,2024
10028,EMERALD PARK,1980000.0,1453.14,1363,INDUS ROAD,11 to 15,2024-01-01,2024
10029,ONE SHENTON,1350000.0,871.88,1548,SHENTON WAY,11 to 15,2024-01-01,2024
10030,THE REEF AT KING'S DOCK,2411112.0,979.52,2462,HARBOURFRONT AVENUE,01 to 05,2024-01-01,2024
10031,THE LANDMARK,1430400.0,495.14,2889,CHIN SWEE ROAD,36 to 40,2024-01-01,2024
10032,THE PLAZA,1120000.0,839.59,1334,BEACH ROAD,26 to 30,2024-01-01,2024
10033,QUEENS PEAK,985000.0,430.56,2288,DUNDEE ROAD,16 to 20,2024-01-01,2024
10034,THE VISION,2090000.0,1313.21,1592,WEST COAST CRESCENT,26 to 30,2024-01-01,2024
10035,THE MAYLEA,2020000.0,1227.1,1646,PASIR PANJANG ROAD,01 to 05,2024-01-01,2024
10036,ONE BERNAM,1996000.0,871.88,2289,BERNAM STREET,11 to 15,2024-01-01,2024
10037,THE CREST,4050000.0,2002.1,2023,PRINCE CHARLES CRESCENT,16 to 20,2024-01-01,2024
10038,MIDTOWN MODERN,4539000.0,1463.9,3101,TAN QUEE LAN STREET,26 to 30,2024-01-01,2024
10039,DOMAIN 21,1780000.0,925.7,1923,DELTA ROAD,16 to 20,2024-01-01,2024
10040,SKYSUITES@ANSON,1515000.0,699.66,2165,ENGGOR STREET,36 to 40,2024-01-01,2024
10041,THE SAIL @ MARINA BAY,3500000.0,1625.36,2153,MARINA BOULEVARD,66 to 70,2024-01-01,2024
10042,ARTRA,2500000.0,1044.11,2394,ALEXANDRA VIEW,31 to 35,2024-01-01,2024
10043,CARIBBEAN AT KEPPEL BAY,1910000.0,1140.98,1674,KEPPEL BAY DRIVE,01 to 05,2024-01-01,2024
10044,ONE SHENTON,1620000.0,968.76,1672,SHENTON WAY,31 to 35,2024-01-01,2024
10045,CARABELLE,2438888.0,1388.56,1756,WEST COAST WAY,06 to 10,2024-01-01,2024
10046,KENT RIDGE HILL RESIDENCES,2120000.0,1044.11,2030,SOUTH BUONA VISTA ROAD,01 to 05,2024-01-01,2024
10047,ONE-NORTH RESIDENCES,3550000.0,3100.03,1145,ONE-NORTH GATEWAY,11 to 15,2024-01-01,2024
10048,THE TRILINQ,1240000.0,710.42,1745,JALAN LEMPENG,01 to 05,2024-01-01,2024
10049,ECHELON,3280000.0,1571.54,2087,ALEXANDRA VIEW,31 to 35,2024-01-01,2024
10050,SPOTTISWOODE PARK,1150000.0,1334.74,862,SPOTTISWOODE PARK ROAD,01 to 05,2024-01-01,2024
10051,SEAHILL,775000.0,527.44,1469,WEST COAST CRESCENT,16 to 20,2024-01-01,2024
10052,FABER CREST,1528800.0,1270.15,1204,FABER HEIGHTS,01 to 05,2024-01-01,2024
10053,WHISTLER GRAND,1420000.0,764.24,1858,WEST COAST VALE,26 to 30,2024-01-01,2024
10054,THE LANDMARK,2889543.0,1076.4,2684,CHIN SWEE ROAD,26 to 30,2024-01-01,2024
10055,HERITAGE VIEW,1860000.0,1162.51,1600,DOVER RISE,11 to 15,2024-01-01,2024
10056,TERESA VILLE,3100000.0,1959.05,1582,LOWER DELTA ROAD,11 to 15,2024-01-01,2024
10057,MIDTOWN BAY,2028000.0,484.38,4108,BEACH ROAD,21 to 25,2024-01-01,2024
10058,THE LANDMARK,2693888.0,1140.98,2361,CHIN SWEE ROAD,11 to 15,2024-01-01,2024
10059,THE CLEMENT CANOPY,2000000.0,1108.69,1804,CLEMENTI AVENUE 1,06 to 10,2024-01-01,2024
10060,NEWEST,2480000.0,2400.37,1033,WEST COAST DRIVE,01 to 05,2024-01-01,2024
10061,THE M,1690000.0,527.44,3204,MIDDLE ROAD,16 to 20,2024-01-01,2024
10062,CARIBBEAN AT KEPPEL BAY,2200000.0,1280.92,1718,KEPPEL BAY DRIVE,06 to 10,2024-01-01,2024
10063,THE INTERLACE,2750000.0,1754.53,1567,DEPOT ROAD,06 to 10,2024-01-01,2024
10064,TERESA VILLE,2300000.0,1356.26,1696,LOWER DELTA ROAD,11 to 15,2024-01-01,2024
10065,INTERNATIONAL PLAZA,1800000.0,1603.84,1122,ANSON ROAD,41 to 45,2024-01-01,2024
10066,THE LANDMARK,2937687.0,1140.98,2575,CHIN SWEE ROAD,21 to 25,2024-01-01,2024
10067,CAPE ROYALE,5661000.0,2508.01,2257,COVE WAY,11 to 15,2024-01-01,2024
10068,CLEMENTIWOODS CONDOMINIUM,950000.0,645.84,1471,WEST COAST ROAD,01 to 05,2024-01-01,2024
10069,CORALS AT KEPPEL BAY,2570000.0,1377.79,1865,KEPPEL BAY DRIVE,01 to 05,2024-01-01,2024
10070,THE OCEANFRONT @ SENTOSA COVE,2580000.0,1711.48,1507,OCEAN DRIVE,01 to 05,2024-01-01,2024
10071,THE LANDMARK,2977603.0,1140.98,2610,CHIN SWEE ROAD,26 to 30,2024-01-01,2024
10072,THE LANDMARK,1981099.0,764.24,2592,CHIN SWEE ROAD,26 to 30,2024-01-01,2024
10073,MURANO,1300000.0,861.12,1510,PASIR PANJANG ROAD,01 to 05,2024-01-01,2024
10074,BLOSSOMS BY THE PARK,2647000.0,1044.11,2535,SLIM BARRACKS RISE,21 to 25,2024-01-01,2024
10075,SKYSUITES@ANSON,1460000.0,699.66,2087,ENGGOR STREET,16 to 20,2024-01-01,2024
10076,THE LANDMARK,2516888.0,1076.4,2338,CHIN SWEE ROAD,11 to 15,2024-01-01,2024
10077,THE LANDMARK,2534888.0,1076.4,2355,CHIN SWEE ROAD,11 to 15,2024-01-01,2024
10078,COMMONWEALTH TOWERS,980000.0,462.85,2117,COMMONWEALTH AVENUE,06 to 10,2024-01-01,2024
10079,STIRLING RESIDENCES,1485000.0,656.6,2262,STIRLING ROAD,31 to 35,2024-01-01,2024
10080,ONE SHENTON,1148000.0,581.26,1975,SHENTON WAY,16 to 20,2024-01-01,2024
10081,PARC IMPERIAL,745000.0,398.27,1871,PASIR PANJANG ROAD,01 to 05,2024-01-01,2024
10082,WHISTLER GRAND,935000.0,505.91,1848,WEST COAST VALE,21 to 25,2024-01-01,2024
10083,THE SAIL @ MARINA BAY,1330000.0,678.13,1961,MARINA BOULEVARD,51 to 55,2024-01-01,2024
10084,THE FORESTA @ MOUNT FABER,890000.0,430.56,2067,WISHART ROAD,01 to 05,2024-01-01,2024
10085,THE LANDMARK,2673888.0,1140.98,2343,CHIN SWEE ROAD,11 to 15,2024-01-01,2024
10086,CARABELLE,2228000.0,1302.44,1711,WEST COAST WAY,01 to 05,2024-01-01,2024
10087,76 SHENTON,1190000.0,592.02,2010,SHENTON WAY,21 to 25,2024-01-01,2024
10088,BLOSSOMS BY THE PARK,2386000.0,914.94,2608,SLIM BARRACKS RISE,21 to 25,2024-01-01,2024
10089,CLAVON,1870000.0,958.0,1952,CLEMENTI AVENUE 1,11 to 15,2024-01-01,2024
10090,CLAVON,1280000.0,678.13,1888,CLEMENTI AVENUE 1,01 to 05,2024-01-01,2024
10091,AVENUE SOUTH RESIDENCE,2210000.0,947.23,2333,SILAT AVENUE,21 to 25,2024-01-01,2024
10092,THE CLEMENT CANOPY,1160000.0,635.08,1827,CLEMENTI AVENUE 1,21 to 25,2024-01-01,2024
10093,STIRLING RESIDENCES,2560000.0,1054.87,2427,STIRLING ROAD,31 to 35,2024-01-01,2024
10094,THE ROCHESTER RESIDENCES,1638000.0,1280.92,1279,ROCHESTER DRIVE,06 to 10,2024-01-01,2024
10095,CLAVON,1480000.0,764.24,1937,CLEMENTI AVENUE 1,01 to 05,2024-01-01,2024
10096,THE CREST,1650000.0,839.59,1965,PRINCE CHARLES CRESCENT,01 to 05,2024-01-01,2024
10097,WHISTLER GRAND,2218000.0,1280.92,1732,WEST COAST VALE,01 to 05,2024-01-01,2024
10098,VARSITY PARK CONDOMINIUM,2250000.0,1528.49,1472,WEST COAST ROAD,01 to 05,2024-01-01,2024
10099,PARC CLEMATIS,2680000.0,1237.86,2165,JALAN LEMPENG,11 to 15,2024-01-01,2024
10100,HERITAGE VIEW,1950000.0,1313.21,1485,DOVER RISE,16 to 20,2024-01-01,2024
10101,THE LANDMARK,2086732.0,753.48,2769,CHIN SWEE ROAD,31 to 35,2024-01-01,2024
10102,NEWEST,2800000.0,2518.78,1112,WEST COAST DRIVE,01 to 05,2024-01-01,2024
10103,PRINCIPAL GARDEN,1835000.0,796.54,2304,PRINCE CHARLES CRESCENT,11 to 15,2024-01-01,2024
10104,COMMONWEALTH TOWERS,975000.0,462.85,2107,COMMONWEALTH AVENUE,06 to 10,2024-01-01,2024
10105,76 SHENTON,1200000.0,592.02,2027,SHENTON WAY,26 to 30,2024-01-01,2024
10106,REFLECTIONS AT KEPPEL BAY,1600000.0,882.65,1813,KEPPEL BAY VIEW,06 to 10,2024-01-01,2024
10107,THE LANDMARK,1989742.0,678.13,2934,CHIN SWEE ROAD,31 to 35,2024-01-01,2024
10108,THE SAIL @ MARINA BAY,1650000.0,882.65,1869,MARINA BOULEVARD,26 to 30,2024-01-01,2024
10109,STIRLING RESIDENCES,1420000.0,656.6,2163,STIRLING ROAD,26 to 30,2024-01-01,2024
10110,BLUE HORIZON,1348000.0,968.76,1391,WEST COAST CRESCENT,16 to 20,2024-01-01,2024
10111,VARSITY PARK CONDOMINIUM,2295888.0,1571.54,1461,WEST COAST ROAD,01 to 05,2024-01-01,2024
10112,SEAHILL,840000.0,505.91,1660,WEST COAST CRESCENT,11 to 15,2024-01-01,2024
10113,THE CLEMENT CANOPY,2550000.0,1345.5,1895,CLEMENTI AVENUE 1,16 to 20,2024-01-01,2024
10114,THE LANDMARK,1960933.0,678.13,2892,CHIN SWEE ROAD,26 to 30,2024-01-01,2024
10115,TWIN VEW,2730000.0,1517.72,1799,WEST COAST VALE,16 to 20,2024-01-01,2024
10116,CORALS AT KEPPEL BAY,1200000.0,581.26,2064,KEPPEL BAY DRIVE,01 to 05,2024-01-01,2024
10117,ONE SHENTON,1700000.0,904.18,1880,SHENTON WAY,36 to 40,2024-01-01,2024
10118,QUEENS,2045000.0,1184.04,1727,STIRLING ROAD,31 to 35,2024-01-01,2024
10119,DOVER PARKVIEW,1240000.0,936.47,1324,DOVER RISE,01 to 05,2024-01-01,2024
10120,PARC CLEMATIS,1300000.0,688.9,1887,JALAN LEMPENG,06 to 10,2024-01-01,2024
10121,MARGARET VILLE,1805000.0,914.94,1973,MARGARET DRIVE,01 to 05,2024-01-01,2024
10122,ALEXIS,800000.0,398.27,2009,ALEXANDRA ROAD,01 to 05,2024-01-01,2024
10123,PARC CLEMATIS,980000.0,516.67,1897,JALAN LEMPENG,06 to 10,2024-01-01,2024
10124,PARC CLEMATIS,1550000.0,742.72,2087,JALAN LEMPENG,16 to 20,2024-01-01,2024
10125,CITY GATE,1595000.0,753.48,2117,BEACH ROAD,26 to 30,2024-01-01,2024
10126,ONE BERNAM,3600000.0,1420.85,2534,BERNAM STREET,16 to 20,2024-01-01,2024
10127,THE REEF AT KING'S DOCK,2915280.0,1076.4,2708,HARBOURFRONT AVENUE,06 to 10,2024-01-01,2024
10128,THE CLIFT,970000.0,495.14,1959,MCCALLUM STREET,11 to 15,2024-01-01,2024
10129,THE INTERLACE,1928888.0,1280.92,1506,DEPOT ROAD,16 to 20,2024-01-01,2024
10130,PARC CLEMATIS,2728888.0,1237.86,2205,JALAN LEMPENG,06 to 10,2024-01-01,2024
10131,THE ROCHESTER RESIDENCES,4150000.0,3756.64,1105,ROCHESTER DRIVE,36 to 40,2024-01-01,2024
10132,SKY EVERTON,2760000.0,958.0,2881,EVERTON ROAD,11 to 15,2024-01-01,2024
10133,SKYSUITES@ANSON,1610000.0,699.66,2301,ENGGOR STREET,51 to 55,2024-01-01,2024
10134,WHISTLER GRAND,855000.0,441.32,1937,WEST COAST VALE,16 to 20,2024-01-01,2024
10135,THE AZURE,5200000.0,3164.62,1643,OCEAN DRIVE,06 to 10,2024-01-01,2024
10136,PARC CLEMATIS,2000000.0,914.94,2186,JALAN LEMPENG,06 to 10,2024-01-01,2024
10137,TWIN VEW,1258000.0,742.72,1694,WEST COAST VALE,01 to 05,2024-01-01,2024
10138,STIRLING RESIDENCES,1388000.0,635.08,2186,STIRLING ROAD,16 to 20,2024-01-01,2024
10139,ASCENTIA SKY,4700000.0,3089.27,1521,ALEXANDRA VIEW,21 to 25,2024-01-01,2024
10140,ASCENTIA SKY,1920000.0,958.0,2004,ALEXANDRA VIEW,36 to 40,2024-01-01,2024
10141,THE SORRENTO,918000.0,613.55,1496,WEST COAST ROAD,01 to 05,2024-01-01,2024
10142,THE PARC CONDOMINIUM,2550000.0,1420.85,1795,WEST COAST WALK,06 to 10,2024-01-01,2024
10143,FABER CREST,1220000.0,1033.34,1181,FABER HEIGHTS,01 to 05,2024-01-01,2024
10144,CARIBBEAN AT KEPPEL BAY,1860000.0,893.41,2082,KEPPEL BAY DRIVE,06 to 10,2024-01-01,2024
10145,BLOSSOMS BY THE PARK,3364000.0,1302.44,2583,SLIM BARRACKS RISE,21 to 25,2024-01-01,2024
10146,MARINA BAY RESIDENCES,1420000.0,710.42,1999,MARINA BOULEVARD,26 to 30,2024-01-01,2024
10147,PARC CLEMATIS,1990000.0,904.18,2201,JALAN LEMPENG,06 to 10,2024-01-01,2024
10148,THE INTERLACE,2658000.0,1614.6,1646,DEPOT ROAD,06 to 10,2024-01-01,2024
10149,WHISTLER GRAND,850000.0,441.32,1926,WEST COAST VALE,21 to 25,2024-01-01,2024
10150,THE LANDMARK,2726888.0,1076.4,2533,CHIN SWEE ROAD,21 to 25,2024-01-01,2024
10151,TERRA HILL,2190000.0,807.3,2713,YEW SIANG ROAD,01 to 05,2024-01-01,2024
20476,LOFT@HOLLAND,858888.0,333.68,2574,HOLLAND ROAD,01 to 05,2024-02-01,2024
20477,THE ASTON,2150000.0,1108.69,1939,KAY POH ROAD,01 to 05,2024-02-01,2024
20478,THE COSMOPOLITAN,4600000.0,1679.18,2739,KIM SENG ROAD,06 to 10,2024-02-01,2024
20479,THE MERASAGA,2750000.0,1356.26,2028,JALAN MERAH SAGA,01 to 05,2024-02-01,2024
20480,THE PATERSON,3380000.0,1420.85,2379,PATERSON ROAD,06 to 10,2024-02-01,2024
20481,BELLERIVE,2500000.0,1173.28,2131,KENG CHIN ROAD,01 to 05,2024-02-01,2024
20482,D'LEEDON,2320000.0,1216.33,1907,LEEDON HEIGHTS,11 to 15,2024-02-01,2024
20483,OUE TWIN PEAKS,3200000.0,1399.32,2287,LEONIE HILL ROAD,21 to 25,2024-02-01,2024
20484,UE SQUARE,2650000.0,1291.68,2052,RIVER VALLEY ROAD,01 to 05,2024-02-01,2024
20485,LEEDON GREEN,1629000.0,538.2,3027,LEEDON HEIGHTS,06 to 10,2024-01-01,2024
20486,TANGLIN REGENCY,2270000.0,1291.68,1757,TANGLIN ROAD,06 to 10,2024-01-01,2024
20487,ESPADA,1630000.0,688.9,2366,ST. THOMAS WALK,26 to 30,2024-01-01,2024
20488,HALLMARK RESIDENCES,3300000.0,1517.72,2174,EWE BOON ROAD,06 to 10,2024-01-01,2024
20489,SOMMERVILLE GRANDEUR,3800000.0,1829.88,2077,FARRER DRIVE,01 to 05,2024-01-01,2024
20490,SPRING GROVE,2500000.0,1388.56,1800,GRANGE ROAD,16 to 20,2024-01-01,2024
20491,19 NASSIM,6000000.0,1733.0,3462,NASSIM HILL,06 to 10,2024-01-01,2024
20492,19 NASSIM,5632000.0,1474.67,3819,NASSIM HILL,06 to 10,2024-01-01,2024
20493,RV ALTITUDE,1850000.0,624.31,2963,RIVER VALLEY ROAD,06 to 10,2024-01-01,2024
20494,PARC SOMME,1150000.0,947.23,1214,SOMME ROAD,06 to 10,2024-01-01,2024
20495,WATERMARK ROBERTSON QUAY,2048000.0,904.18,2265,RODYK STREET,06 to 10,2024-01-01,2024
20496,DYNASTY GARDEN,1780000.0,1140.98,1560,SIXTH AVENUE,-,2024-01-01,2024
20497,STUDIO 3,1780000.0,882.65,2017,SHANGHAI ROAD,16 to 20,2024-01-01,2024
20498,ONE JERVOIS,2275000.0,1087.16,2093,JERVOIS CLOSE,01 to 05,2024-01-01,2024
20499,CONDOMINIUM DEVELOPMENT,3100000.0,1582.31,1959,HOLLAND ROAD,01 to 05,2024-01-01,2024
20500,RIVERGATE,5050000.0,1797.59,2809,ROBERTSON QUAY,06 to 10,2024-01-01,2024
20501,19 NASSIM,2946022.0,925.7,3182,NASSIM HILL,01 to 05,2024-01-01,2024
20502,THE REGALIA,5760000.0,2572.6,2239,RIVER VALLEY CLOSE,21 to 25,2024-01-01,2024
20503,VALLEY PARK,2538000.0,1216.33,2087,RIVER VALLEY ROAD,06 to 10,2024-01-01,2024
20504,SOMMERVILLE PARK,5500000.0,2798.64,1965,FARRER DRIVE,01 to 05,2024-01-01,2024
20505,THE SUITES AT CENTRAL,4400000.0,1765.3,2492,DEVONSHIRE ROAD,01 to 05,2024-01-01,2024
20506,SCOTTS 28,3780000.0,1657.66,2280,SCOTTS ROAD,16 to 20,2024-01-01,2024
20507,CITIGATE RESIDENCE,820000.0,570.49,1437,RANGOON ROAD,01 to 05,2024-01-01,2024
20508,NASSIM JADE,9250000.0,3379.9,2737,NASSIM ROAD,01 to 05,2024-01-01,2024
20509,RV RESIDENCES,2065000.0,861.12,2398,RIVER VALLEY ROAD,01 to 05,2024-01-01,2024
20510,FORTE SUITES,1250000.0,624.31,2002,MERGUI ROAD,11 to 15,2024-01-01,2024
20511,SUITES AT ORCHARD,1180000.0,548.96,2150,HANDY ROAD,01 to 05,2024-01-01,2024
20512,LEONIE TOWERS,6238800.0,3250.73,1919,LEONIE HILL,16 to 20,2024-01-01,2024
20513,8 @ MOUNT SOPHIA,1300000.0,861.12,1510,MOUNT SOPHIA,06 to 10,2024-01-01,2024
20514,DUCHESS CREST,2920000.0,1840.64,1586,DUCHESS AVENUE,01 to 05,2024-01-01,2024
20515,HILLTOPS,3900000.0,1248.62,3123,CAIRNHILL CIRCLE,06 to 10,2024-01-01,2024
20516,PATERSON RESIDENCE,3520000.0,1313.21,2680,PATERSON ROAD,11 to 15,2024-01-01,2024
20517,GLENTREES,4350000.0,3412.19,1275,MOUNT SINAI LANE,01 to 05,2024-01-01,2024
20518,ARDMORE II,6960000.0,2023.63,3439,ARDMORE PARK,26 to 30,2024-01-01,2024
20519,19 NASSIM,6000000.0,1829.88,3279,NASSIM HILL,01 to 05,2024-01-01,2024
20520,LEEDON RESIDENCE,2780000.0,1044.11,2663,LEEDON HEIGHTS,01 to 05,2024-01-01,2024
20521,JERVOIS REGENCY,2368000.0,1216.33,1947,JERVOIS ROAD,01 to 05,2024-01-01,2024
20522,PARC CENTENNIAL,2160000.0,1162.51,1858,KAMPONG JAVA ROAD,11 to 15,2024-01-01,2024
20523,THE PEAK @ CAIRNHILL II,2138000.0,904.18,2365,CAIRNHILL CIRCLE,11 to 15,2024-01-01,2024
20524,HORIZON TOWERS,3280000.0,2378.84,1379,LEONIE HILL,11 to 15,2024-01-01,2024
20525,D'LEEDON,3650000.0,1829.88,1995,LEEDON HEIGHTS,21 to 25,2024-01-01,2024
20526,HORIZON TOWERS,3200000.0,2314.26,1383,LEONIE HILL,06 to 10,2024-01-01,2024
20527,PERFECT TEN,2859000.0,796.54,3589,BUKIT TIMAH ROAD,21 to 25,2024-01-01,2024
20528,ONE DRAYCOTT,2600000.0,796.54,3264,DRAYCOTT PARK,11 to 15,2024-01-01,2024
20529,KOPAR AT NEWTON,1750000.0,688.9,2540,MAKEWAY AVENUE,01 to 05,2024-01-01,2024
20530,KENTISH GREEN,1680000.0,1259.39,1334,OXFORD ROAD,01 to 05,2024-01-01,2024
20531,THE TESSARINA,3000000.0,1323.97,2266,WILBY ROAD,01 to 05,2024-01-01,2024
20532,ORCHARD SCOTTS,2050000.0,1044.11,1963,ANTHONY ROAD,01 to 05,2024-01-01,2024
20533,8 @ MOUNT SOPHIA,2850000.0,2174.33,1311,MOUNT SOPHIA,06 to 10,2024-01-01,2024
20534,120 GRANGE,1760000.0,570.49,3085,GRANGE ROAD,11 to 15,2024-01-01,2024
20535,D'LEEDON,3380000.0,1722.24,1963,LEEDON HEIGHTS,26 to 30,2024-01-01,2024
20536,RV SUITES,1080000.0,516.67,2090,RIVER VALLEY ROAD,01 to 05,2024-01-01,2024
20537,MARTIN MODERN,2250000.0,871.88,2581,MARTIN PLACE,01 to 05,2024-01-01,2024
20538,THE PATERSON EDGE,2375108.0,990.29,2398,PATERSON ROAD,01 to 05,2024-01-01,2024
20539,VILLA DELLE ROSE,5400000.0,3261.49,1656,TAMAN NAKHODA,-,2024-01-01,2024
20540,THE LADYHILL,8700000.0,3810.46,2283,LADY HILL ROAD,01 to 05,2024-01-01,2024
20541,KOPAR AT NEWTON,1750000.0,688.9,2540,MAKEWAY AVENUE,01 to 05,2024-01-01,2024
20542,SCOTTS 28,2368000.0,1097.93,2157,SCOTTS ROAD,01 to 05,2024-01-01,2024
20543,KERRISDALE,3200000.0,2421.9,1321,STURDEE ROAD,26 to 30,2024-01-01,2024
20544,ST MARTIN'S APARTMENT,2328000.0,1108.69,2100,ST. MARTIN'S DRIVE,01 to 05,2024-01-01,2024
20545,CAIRNHILL RESIDENCES,2980000.0,1162.51,2563,CAIRNHILL CIRCLE,11 to 15,2024-01-01,2024
20546,NATHAN SUITES,2380000.0,914.94,2601,NATHAN ROAD,06 to 10,2024-01-01,2024
20547,LEEDON GREEN,4708000.0,1356.26,3471,LEEDON HEIGHTS,06 to 10,2024-01-01,2024
20548,CAVENAGH GARDENS,2300000.0,1550.02,1484,CAVENAGH ROAD,01 to 05,2024-01-01,2024
20549,ATTITUDE AT KIM YAM,775000.0,355.21,2182,KIM YAM ROAD,01 to 05,2024-01-01,2024
20550,BALMORAL HILLS,3260000.0,1388.56,2348,BALMORAL PARK,06 to 10,2024-01-01,2024
20551,D'LEEDON,1270000.0,635.08,2000,LEEDON HEIGHTS,11 to 15,2024-01-01,2024
20552,ROBIN RESIDENCES,3880000.0,1539.25,2521,ROBIN DRIVE,01 to 05,2024-01-01,2024
20553,THE ARC AT DRAYCOTT,3500000.0,1270.15,2756,DRAYCOTT DRIVE,21 to 25,2024-01-01,2024
20554,CITYLIGHTS,1600000.0,925.7,1728,JELLICOE ROAD,06 to 10,2024-01-01,2024
20555,ONE DRAYCOTT,2300000.0,731.95,3142,DRAYCOTT PARK,06 to 10,2024-01-01,2024
20556,SOMMERVILLE PARK,5405500.0,2680.24,2017,FARRER DRIVE,01 to 05,2024-01-01,2024
20557,NEWTON EDGE,1868000.0,914.94,2042,MAKEWAY AVENUE,01 to 05,2024-01-01,2024
20558,WILSHIRE RESIDENCES,2055000.0,753.48,2727,FARRER ROAD,06 to 10,2024-01-01,2024
20559,HELIOS RESIDENCES,4600000.0,1915.99,2401,CAIRNHILL CIRCLE,16 to 20,2024-01-01,2024
20560,RV RESIDENCES,985000.0,452.09,2179,RIVER VALLEY ROAD,01 to 05,2024-01-01,2024
20561,STARLIGHT SUITES,1890000.0,850.36,2223,RIVER VALLEY CLOSE,31 to 35,2024-01-01,2024
20562,RESIDENTIAL APARTMENTS,1920000.0,1474.67,1302,BRISTOL ROAD,01 to 05,2024-01-01,2024
20563,CHATELET,2000000.0,958.0,2088,MARGOLIOUTH ROAD,11 to 15,2024-01-01,2024
20564,RV POINT,945000.0,484.38,1951,RIVER VALLEY ROAD,01 to 05,2024-01-01,2024
20565,THE RITZ-CARLTON RESIDENCES SINGAPORE CAIRNHILL,16500000.0,3056.98,5397,CAIRNHILL ROAD,31 to 35,2024-01-01,2024
20566,THE RITZ-CARLTON RESIDENCES SINGAPORE CAIRNHILL,16500000.0,3056.98,5397,CAIRNHILL ROAD,31 to 35,2024-01-01,2024
20567,ONE JERVOIS,2750000.0,1291.68,2129,JERVOIS CLOSE,06 to 10,2024-01-01,2024
20568,WARNER COURT,2800000.0,1270.15,2204,HOLLAND AVENUE,01 to 05,2024-01-01,2024
20569,RIVER VALLEY APARTMENTS,1970000.0,1162.51,1695,RIVER VALLEY ROAD,01 to 05,2024-01-01,2024
20570,CYAN,3550000.0,1528.49,2323,KENG CHIN ROAD,01 to 05,2024-01-01,2024
20571,SIGNATURE AT LEWIS,2290000.0,979.52,2338,LEWIS ROAD,06 to 10,2024-01-01,2024
20572,CITY SQUARE RESIDENCES,2560000.0,1216.33,2105,KITCHENER LINK,26 to 30,2024-01-01,2024
20573,STURDEE RESIDENCES,3000000.0,1388.56,2161,BEATTY ROAD,26 to 30,2024-01-01,2024
20574,LEONIE SUITES,1780000.0,936.47,1901,LEONIE HILL,16 to 20,2024-01-01,2024
20575,KUM HING COURT,4180000.0,1625.36,2572,TOMLINSON ROAD,01 to 05,2024-01-01,2024
20576,STEVENS LOFT,1780000.0,861.12,2067,STEVENS DRIVE,01 to 05,2024-01-01,2024
20577,SOMMERVILLE PARK,4370000.0,2335.79,1871,FARRER DRIVE,01 to 05,2024-01-01,2024
20578,DEVONSHIRE RESIDENCES,1150000.0,505.91,2273,DEVONSHIRE ROAD,16 to 20,2024-01-01,2024
20579,TANGLIN REGENCY,1390000.0,850.36,1635,TANGLIN ROAD,01 to 05,2024-01-01,2024
20580,TANGLIN PARK,3850000.0,1765.3,2181,RIDLEY PARK,06 to 10,2024-01-01,2024
20581,THE PEAK @ CAIRNHILL II,1950000.0,904.18,2157,CAIRNHILL CIRCLE,06 to 10,2024-01-01,2024
20582,D'LEEDON,1240000.0,635.08,1953,LEEDON HEIGHTS,11 to 15,2024-01-01,2024
20583,THE CENTREPOINT,2200000.0,742.72,2962,ORCHARD ROAD,06 to 10,2024-01-01,2024
20584,19 NASSIM,4939050.0,1410.08,3503,NASSIM HILL,01 to 05,2024-01-01,2024
20585,DEVONSHIRE RESIDENCES,1160000.0,495.14,2343,DEVONSHIRE ROAD,06 to 10,2024-01-01,2024
20586,LE SOMME,828000.0,495.14,1672,SOMME ROAD,01 to 05,2024-01-01,2024
20587,MARTIN MODERN,4855000.0,1733.0,2801,MARTIN PLACE,06 to 10,2024-01-01,2024
20588,D'LEEDON,3350000.0,1743.77,1921,LEEDON HEIGHTS,26 to 30,2024-01-01,2024
20589,SIXTH AVENUE CENTRE,1935000.0,1173.28,1649,BUKIT TIMAH ROAD,01 to 05,2024-01-01,2024
20590,THE QUAYSIDE,2468000.0,1334.74,1849,ROBERTSON QUAY,01 to 05,2024-01-01,2024
34355,SIMSVILLE,1470000.0,1248.62,1177,GEYLANG EAST AVENUE 2,01 to 05,2024-02-01,2024
34356,THE GLYNDEBOURNE,7338000.0,3562.88,2060,TREVOSE CRESCENT,01 to 05,2024-02-01,2024
34357,D'WEAVE,890000.0,548.96,1621,LORONG 39 GEYLANG,01 to 05,2024-02-01,2024
34358,EIGHT RIVERSUITES,1750000.0,979.52,1787,WHAMPOA EAST,21 to 25,2024-02-01,2024
34359,WATTEN HOUSE,3212000.0,990.29,3244,SHELFORD ROAD,01 to 05,2024-01-01,2024
34360,10 EVELYN,2060000.0,742.72,2774,EVELYN ROAD,01 to 05,2024-01-01,2024
34361,THE VENUE RESIDENCES,1550000.0,850.36,1823,TAI THONG CRESCENT,01 to 05,2024-01-01,2024
34362,EURO-ASIA PARK,2450000.0,1420.85,1724,WOODLEIGH CLOSE,01 to 05,2024-01-01,2024
34363,METRO LOFT,668000.0,452.09,1478,LORONG 27 GEYLANG,01 to 05,2024-01-01,2024
34364,PARK COLONIAL,998000.0,462.85,2156,WOODLEIGH LANE,06 to 10,2024-01-01,2024
34365,GEM RESIDENCES,1100000.0,570.49,1928,LORONG 5 TOA PAYOH,31 to 35,2024-01-01,2024
34366,THE NAVIAN,1248000.0,667.37,1870,JALAN EUNOS,01 to 05,2024-01-01,2024
34367,EUHABITAT,1282800.0,904.18,1419,JALAN EUNOS,01 to 05,2024-01-01,2024
34368,EAST SHINE,1450000.0,979.52,1480,LORONG MELAYU,01 to 05,2024-01-01,2024
34369,BARTLEY RIDGE,1500000.0,861.12,1742,MOUNT VERNON ROAD,01 to 05,2024-01-01,2024
34370,DAKOTA RESIDENCES,1830000.0,1022.58,1790,DAKOTA CRESCENT,16 to 20,2024-01-01,2024
34371,THE POIZ RESIDENCES,1120000.0,527.44,2123,MEYAPPA CHETTIAR ROAD,06 to 10,2024-01-01,2024
34372,THE ARCADY AT BOON KENG,1718000.0,678.13,2533,SAINT BARNABAS LANE,06 to 10,2024-01-01,2024
34373,ENCHANTÉ,2764100.0,1001.05,2761,EVELYN ROAD,06 to 10,2024-01-01,2024
34374,ROCHELLE AT NEWTON,3380000.0,1786.82,1892,KENG LEE ROAD,21 to 25,2024-01-01,2024
34375,SIMS EDGE,940000.0,581.26,1617,GEYLANG EAST AVENUE 2,06 to 10,2024-01-01,2024
34376,THE VINES,1600000.0,1173.28,1364,LORONG SARINA,01 to 05,2024-01-01,2024
34377,STARVILLE,2180000.0,1539.25,1416,LENGKONG TIGA,01 to 05,2024-01-01,2024
34378,OKIO,785000.0,430.56,1823,BALESTIER ROAD,11 to 15,2024-01-01,2024
34379,SKYSUITES17,650000.0,355.21,1830,JALAN RAJAH,06 to 10,2024-01-01,2024
34380,10 EVELYN,2096950.0,753.48,2783,EVELYN ROAD,01 to 05,2024-01-01,2024
34381,L'VIV,2180888.0,990.29,2202,NEWTON ROAD,11 to 15,2024-01-01,2024
34382,VISTA RESIDENCES,2400000.0,1173.28,2046,JALAN DATOH,11 to 15,2024-01-01,2024
34383,ATRIUM RESIDENCES,1405000.0,1022.58,1374,LORONG 28 GEYLANG,01 to 05,2024-01-01,2024
34384,GAIA,1478888.0,914.94,1616,JALAN DUSUN,01 to 05,2024-01-01,2024
34385,EIGHT RIVERSUITES,2000000.0,1076.4,1858,WHAMPOA EAST,21 to 25,2024-01-01,2024
34386,# 1 SUITES,760000.0,613.55,1239,LORONG 20 GEYLANG,06 to 10,2024-01-01,2024
34387,10 EVELYN,2059066.0,753.48,2733,EVELYN ROAD,01 to 05,2024-01-01,2024
34388,SIMS RESIDENCES,1570000.0,1410.08,1113,LORONG 39 GEYLANG,01 to 05,2024-01-01,2024
34389,AVANT RESIDENCES,680000.0,452.09,1504,ALJUNIED ROAD,06 to 10,2024-01-01,2024
34390,PENROSE,918000.0,473.62,1938,SIMS DRIVE,06 to 10,2024-01-01,2024
34391,GEM RESIDENCES,2050000.0,1054.87,1943,LORONG 5 TOA PAYOH,11 to 15,2024-01-01,2024
34392,EUHABITAT,740000.0,538.2,1375,JALAN EUNOS,01 to 05,2024-01-01,2024
34393,LE REGAL,783000.0,785.77,996,GEYLANG ROAD,01 to 05,2024-01-01,2024
34394,THE ARCADY AT BOON KENG,1316000.0,527.44,2495,SAINT BARNABAS LANE,01 to 05,2024-01-01,2024
34395,THE ARCADY AT BOON KENG,1322000.0,527.44,2506,SAINT BARNABAS LANE,01 to 05,2024-01-01,2024
34396,THE ARCADY AT BOON KENG,1676000.0,667.37,2511,SAINT BARNABAS LANE,01 to 05,2024-01-01,2024
34397,THE ARCADY AT BOON KENG,1328000.0,527.44,2518,SAINT BARNABAS LANE,01 to 05,2024-01-01,2024
34398,THE ARCADY AT BOON KENG,1334000.0,527.44,2529,SAINT BARNABAS LANE,06 to 10,2024-01-01,2024
34399,THE ARCADY AT BOON KENG,1690000.0,667.37,2532,SAINT BARNABAS LANE,06 to 10,2024-01-01,2024
34400,THE ARCADY AT BOON KENG,1340000.0,527.44,2541,SAINT BARNABAS LANE,06 to 10,2024-01-01,2024
34401,THE ARCADY AT BOON KENG,2648000.0,1087.16,2436,SAINT BARNABAS LANE,06 to 10,2024-01-01,2024
34402,THE ARCADY AT BOON KENG,1697000.0,667.37,2543,SAINT BARNABAS LANE,06 to 10,2024-01-01,2024
34403,THE ARCADY AT BOON KENG,1346000.0,527.44,2552,SAINT BARNABAS LANE,06 to 10,2024-01-01,2024
34404,THE ARCADY AT BOON KENG,1725000.0,678.13,2544,SAINT BARNABAS LANE,06 to 10,2024-01-01,2024
34405,THE ARCADY AT BOON KENG,2929000.0,1194.8,2451,SAINT BARNABAS LANE,06 to 10,2024-01-01,2024
34406,THE ARCADY AT BOON KENG,1352000.0,527.44,2563,SAINT BARNABAS LANE,06 to 10,2024-01-01,2024
34407,THE ARCADY AT BOON KENG,1732000.0,678.13,2554,SAINT BARNABAS LANE,06 to 10,2024-01-01,2024
34408,THE ARCADY AT BOON KENG,1711000.0,667.37,2564,SAINT BARNABAS LANE,06 to 10,2024-01-01,2024
34409,THE ARCADY AT BOON KENG,1358000.0,527.44,2575,SAINT BARNABAS LANE,06 to 10,2024-01-01,2024
34410,THE ARCADY AT BOON KENG,1739000.0,678.13,2564,SAINT BARNABAS LANE,06 to 10,2024-01-01,2024
34411,THE ARCADY AT BOON KENG,1718000.0,667.37,2574,SAINT BARNABAS LANE,11 to 15,2024-01-01,2024
34412,THE ARCADY AT BOON KENG,1364000.0,527.44,2586,SAINT BARNABAS LANE,11 to 15,2024-01-01,2024
34413,THE ARCADY AT BOON KENG,1746000.0,678.13,2575,SAINT BARNABAS LANE,11 to 15,2024-01-01,2024
34414,THE ARCADY AT BOON KENG,1725000.0,667.37,2585,SAINT BARNABAS LANE,11 to 15,2024-01-01,2024
34415,THE ARCADY AT BOON KENG,1987000.0,764.24,2600,SAINT BARNABAS LANE,11 to 15,2024-01-01,2024
34416,THE ARCADY AT BOON KENG,1370000.0,527.44,2597,SAINT BARNABAS LANE,11 to 15,2024-01-01,2024
34417,THE ARCADY AT BOON KENG,1968000.0,764.24,2575,SAINT BARNABAS LANE,11 to 15,2024-01-01,2024
34418,THE ARCADY AT BOON KENG,1376000.0,527.44,2609,SAINT BARNABAS LANE,11 to 15,2024-01-01,2024
34419,THE ARCADY AT BOON KENG,3006000.0,1194.8,2516,SAINT BARNABAS LANE,11 to 15,2024-01-01,2024
34420,THE ARCADY AT BOON KENG,1760000.0,667.37,2637,SAINT BARNABAS LANE,16 to 20,2024-01-01,2024
34421,THE ARCADY AT BOON KENG,2458000.0,968.76,2537,SAINT BARNABAS LANE,16 to 20,2024-01-01,2024
34422,THE ARCADY AT BOON KENG,1788000.0,678.13,2637,SAINT BARNABAS LANE,16 to 20,2024-01-01,2024
34423,THE ARCADY AT BOON KENG,1767000.0,667.37,2648,SAINT BARNABAS LANE,16 to 20,2024-01-01,2024
34424,THE ARCADY AT BOON KENG,1774000.0,667.37,2658,SAINT BARNABAS LANE,16 to 20,2024-01-01,2024
34425,THE ARCADY AT BOON KENG,2478000.0,968.76,2558,SAINT BARNABAS LANE,16 to 20,2024-01-01,2024
34426,THE ARCADY AT BOON KENG,1802000.0,678.13,2657,SAINT BARNABAS LANE,16 to 20,2024-01-01,2024
34427,THE ARCADY AT BOON KENG,1809000.0,678.13,2668,SAINT BARNABAS LANE,16 to 20,2024-01-01,2024
34428,THE ARCADY AT BOON KENG,2498000.0,968.76,2579,SAINT BARNABAS LANE,16 to 20,2024-01-01,2024
34429,THE ARCADY AT BOON KENG,1816000.0,678.13,2678,SAINT BARNABAS LANE,16 to 20,2024-01-01,2024
34430,THE ARCADY AT BOON KENG,1802000.0,667.37,2700,SAINT BARNABAS LANE,21 to 25,2024-01-01,2024
34431,THE ARCADY AT BOON KENG,3303000.0,1280.92,2579,SAINT BARNABAS LANE,21 to 25,2024-01-01,2024
34432,THE ARCADY AT BOON KENG,1816000.0,667.37,2721,SAINT BARNABAS LANE,21 to 25,2024-01-01,2024
34433,THE ARCADY AT BOON KENG,1844000.0,678.13,2719,SAINT BARNABAS LANE,21 to 25,2024-01-01,2024
34434,GEM RESIDENCES,2035000.0,1054.87,1929,LORONG 5 TOA PAYOH,16 to 20,2024-01-01,2024
34435,THE ARCADY AT BOON KENG,1662000.0,667.37,2490,SAINT BARNABAS LANE,01 to 05,2024-01-01,2024
34436,THE ARCADY AT BOON KENG,2335000.0,968.76,2410,SAINT BARNABAS LANE,11 to 15,2024-01-01,2024
34437,THE ARCADY AT BOON KENG,1753000.0,678.13,2585,SAINT BARNABAS LANE,11 to 15,2024-01-01,2024
34438,THE ARCADY AT BOON KENG,1788000.0,667.37,2679,SAINT BARNABAS LANE,16 to 20,2024-01-01,2024
34439,THE ARCADY AT BOON KENG,3105000.0,1194.8,2599,SAINT BARNABAS LANE,21 to 25,2024-01-01,2024
34440,THE WATERINA,1200000.0,710.42,1689,LORONG 40 GEYLANG,06 to 10,2024-01-01,2024
34441,THE ARTE,2480000.0,1399.32,1772,JALAN RAJA UDANG,11 to 15,2024-01-01,2024
34442,VACANZA @ EAST,1288888.0,807.3,1597,LENGKONG TUJOH,06 to 10,2024-01-01,2024
34443,LA MAISON,2400000.0,1270.15,1890,MOULMEIN RISE,11 to 15,2024-01-01,2024
34444,EDENZ SUITES,685000.0,473.62,1446,LORONG 28 GEYLANG,01 to 05,2024-01-01,2024
34445,THE TRE VER,1430000.0,699.66,2044,POTONG PASIR AVENUE 1,16 to 20,2024-01-01,2024
34446,NOVENA LODGE,1685000.0,785.77,2144,JALAN MERLIMAU,01 to 05,2024-01-01,2024
34447,EURO-ASIA PARK,2638000.0,1453.14,1815,WOODLEIGH CLOSE,01 to 05,2024-01-01,2024
34448,ST MICHAEL REGENCY,1825000.0,1237.86,1474,ST. MICHAEL'S ROAD,01 to 05,2024-01-01,2024
34449,SIMS EDGE,750000.0,409.03,1834,GEYLANG EAST AVENUE 2,01 to 05,2024-01-01,2024
34450,SUITES @ SHREWSBURY,846888.0,570.49,1484,SHREWSBURY ROAD,01 to 05,2024-01-01,2024
34451,ENCHANTÉ,3503400.0,1280.92,2735,EVELYN ROAD,11 to 15,2024-01-01,2024
34452,REGENT RESIDENCES,780000.0,409.03,1907,SERANGOON ROAD,16 to 20,2024-01-01,2024
34453,EUHABITAT,750000.0,548.96,1366,JALAN EUNOS,01 to 05,2024-01-01,2024
34454,KALLANG RIVERSIDE,2400000.0,958.0,2505,KAMPONG BUGIS,11 to 15,2024-01-01,2024
34455,PENANG SERVICE APARTMENTS,1298888.0,1151.75,1128,LORONG 34 GEYLANG,01 to 05,2024-01-01,2024
34456,WATERBANK AT DAKOTA,2500000.0,1431.61,1746,DAKOTA CRESCENT,01 to 05,2024-01-01,2024
34457,RESIDENCES @ EVELYN,3758000.0,1539.25,2441,EVELYN ROAD,16 to 20,2024-01-01,2024
34458,THE TRE VER,1408888.0,699.66,2014,POTONG PASIR AVENUE 1,16 to 20,2024-01-01,2024
34459,E MAISON,2550000.0,1636.13,1559,BRADDELL ROAD,01 to 05,2024-01-01,2024
34460,GILSTEAD COURT,2650000.0,1388.56,1908,GILSTEAD ROAD,-,2024-01-01,2024
34461,35 GILSTEAD,3828000.0,1614.6,2371,GILSTEAD ROAD,01 to 05,2024-01-01,2024
34462,BALESTIER REGENCY,2118888.0,1474.67,1437,JALAN AMPAS,06 to 10,2024-01-01,2024
34463,SENNETT RESIDENCE,1550000.0,861.12,1800,PHENG GECK AVENUE,11 to 15,2024-01-01,2024
34464,CUBE 8,1038000.0,559.73,1854,THOMSON ROAD,21 to 25,2024-01-01,2024
34465,CENTRA SUITES,715000.0,452.09,1582,LORONG 25A GEYLANG,01 to 05,2024-01-01,2024
34466,THE TRE VER,1320000.0,699.66,1887,POTONG PASIR AVENUE 1,01 to 05,2024-01-01,2024
34467,BARTLEY RIDGE,1880000.0,968.76,1941,MOUNT VERNON ROAD,11 to 15,2024-01-01,2024
34468,WATTEN HOUSE,12236000.0,3412.19,3576,SHELFORD ROAD,01 to 05,2024-01-01,2024
34469,AMANINDA,1200000.0,678.13,1770,THOMSON ROAD,01 to 05,2024-01-01,2024
34470,VACANZA @ EAST,1150000.0,882.65,1303,LENGKONG TUJOH,01 to 05,2024-01-01,2024
34471,PARC ESTA,2138000.0,958.0,2232,SIMS AVENUE,16 to 20,2024-01-01,2024
34472,THE WATERINA,2500000.0,1313.21,1904,LORONG 40 GEYLANG,06 to 10,2024-01-01,2024
34473,MILLAGE,820000.0,548.96,1494,CHANGI ROAD,06 to 10,2024-01-01,2024
34474,SANT RITZ,883000.0,527.44,1674,PHENG GECK AVENUE,11 to 15,2024-01-01,2024
34475,10 EVELYN,2288000.0,807.3,2834,EVELYN ROAD,01 to 05,2024-01-01,2024
34476,SIMS URBAN OASIS,785000.0,409.03,1919,SIMS DRIVE,06 to 10,2024-01-01,2024
34477,WATTEN HOUSE,3697000.0,1162.51,3180,SHELFORD ROAD,01 to 05,2024-01-01,2024
34478,WATTEN HOUSE,3718000.0,1162.51,3198,SHELFORD ROAD,01 to 05,2024-01-01,2024
34479,THE TRE VER,918000.0,495.14,1854,POTONG PASIR AVENUE 1,11 to 15,2024-01-01,2024
34480,THE WATERINA,2550000.0,1345.5,1895,LORONG 40 GEYLANG,06 to 10,2024-01-01,2024
34481,ADRIA,1230000.0,538.2,2285,DERBYSHIRE ROAD,16 to 20,2024-01-01,2024
34482,VETRO,658000.0,473.62,1389,MAR THOMA ROAD,06 to 10,2024-01-01,2024
34483,THE ARCADIA,4600000.0,3735.11,1232,ARCADIA ROAD,06 to 10,2024-01-01,2024
34484,EIGHT RIVERSUITES,1668000.0,936.47,1781,WHAMPOA EAST,16 to 20,2024-01-01,2024
34485,NOVA 88,1300000.0,914.94,1421,BHAMO ROAD,01 to 05,2024-01-01,2024
34486,OLEANDER TOWERS,1650000.0,1151.75,1433,LORONG 1 TOA PAYOH,01 to 05,2024-01-01,2024
34487,OLEANDER TOWERS,1680000.0,1151.75,1459,LORONG 1 TOA PAYOH,06 to 10,2024-01-01,2024
34488,ST MICHAEL'S PLACE,1728000.0,1259.39,1372,JALAN TAMAN,01 to 05,2024-01-01,2024
34489,THE WOODLEIGH RESIDENCES,1310000.0,592.02,2213,BIDADARI PARK DRIVE,01 to 05,2024-01-01,2024
34490,TREVISTA,2348000.0,1270.15,1849,LORONG 3 TOA PAYOH,26 to 30,2024-01-01,2024
34491,ESCADA VIEW,868000.0,753.48,1152,LENGKONG EMPAT,06 to 10,2024-01-01,2024
34492,PRESTIGE HEIGHTS,730000.0,409.03,1785,BALESTIER ROAD,06 to 10,2024-01-01,2024
34493,NIN RESIDENCE,820000.0,473.62,1731,PHENG GECK AVENUE,06 to 10,2024-01-01,2024
34494,METRO LOFT,800000.0,570.49,1402,LORONG 27 GEYLANG,06 to 10,2024-01-01,2024
34495,PENROSE,1460000.0,710.42,2055,SIMS DRIVE,11 to 15,2024-01-01,2024
34496,THE AXIS,1300000.0,753.48,1725,MANDALAY ROAD,01 to 05,2024-01-01,2024
34497,WATTEN HOUSE,4976000.0,1539.25,3233,SHELFORD ROAD,01 to 05,2024-01-01,2024
34498,PARC ESTA,2170000.0,1001.05,2168,SIMS AVENUE,01 to 05,2024-01-01,2024
34499,PENROSE,1900000.0,936.47,2029,SIMS DRIVE,01 to 05,2024-01-01,2024
34500,PARC ESTA,1868000.0,839.59,2225,SIMS AVENUE,01 to 05,2024-01-01,2024
34501,RESIDENCES @ EVELYN,5000000.0,2249.68,2223,EVELYN ROAD,21 to 25,2024-01-01,2024
34502,THE TRUMPS,2300000.0,1270.15,1811,JALAN KEMBANGAN,11 to 15,2024-01-01,2024
34503,KEMBANGAN PLAZA,2250000.0,1959.05,1149,JALAN MASJID,01 to 05,2024-01-01,2024
34504,MOONSTONE RESIDENCES,1480000.0,1044.11,1417,MOONSTONE LANE,11 to 15,2024-01-01,2024
34505,THE NAVIAN,1530000.0,904.18,1692,JALAN EUNOS,01 to 05,2024-01-01,2024
34506,GEM RESIDENCES,1140000.0,592.02,1926,LORONG 5 TOA PAYOH,26 to 30,2024-01-01,2024
34507,PARK INFINIA AT WEE NAM,4700000.0,2002.1,2348,LINCOLN ROAD,26 to 30,2024-01-01,2024
34508,THE POIZ RESIDENCES,1180000.0,581.26,2030,MEYAPPA CHETTIAR ROAD,11 to 15,2024-01-01,2024
34509,18 WOODSVILLE,907000.0,495.14,1832,WOODSVILLE CLOSE,11 to 15,2024-01-01,2024
34510,EIGHT RIVERSUITES,1700000.0,936.47,1815,WHAMPOA EAST,26 to 30,2024-01-01,2024
34511,28 IMPERIAL RESIDENCES,870000.0,592.02,1470,LORONG 26 GEYLANG,01 to 05,2024-01-01,2024
34512,THE WOODLEIGH RESIDENCES,1498000.0,667.37,2245,BIDADARI PARK DRIVE,06 to 10,2024-01-01,2024
34513,SANT RITZ,890000.0,527.44,1687,PHENG GECK AVENUE,06 to 10,2024-01-01,2024
34514,LAVENDER RESIDENCE,1913000.0,914.94,2091,LAVENDER STREET,01 to 05,2024-01-01,2024
34515,WATTEN HOUSE,7706000.0,2368.08,3254,SHELFORD ROAD,01 to 05,2024-01-01,2024
34516,THOMSON 800,2800000.0,1625.36,1723,THOMSON ROAD,06 to 10,2024-01-01,2024
34517,NOMA,1500000.0,850.36,1764,GUILLEMARD ROAD,01 to 05,2024-01-01,2024
34518,PARC ESTA,2088000.0,1022.58,2042,SIMS AVENUE,01 to 05,2024-01-01,2024
34519,PALM LODGE,2050000.0,1593.07,1287,LORONG 37 GEYLANG,01 to 05,2024-01-01,2024
34520,ST MICHAEL'S PLACE,1808000.0,1248.62,1448,JALAN TAMAN,06 to 10,2024-01-01,2024
34521,PARK PLACE RESIDENCES AT PLQ,1080000.0,484.38,2230,PAYA LEBAR ROAD,06 to 10,2024-01-01,2024
34522,EUHABITAT,788000.0,559.73,1408,JALAN EUNOS,01 to 05,2024-01-01,2024
47989,FORTUNE PARK,1100000.0,979.52,1123,TAMPINES ROAD,06 to 10,2024-02-01,2024
47990,BRADDELL VIEW,1580000.0,1453.14,1087,BRADDELL HILL,11 to 15,2024-02-01,2024
47991,DAINTREE RESIDENCE,2285000.0,1054.87,2166,TOH TUCK ROAD,01 to 05,2024-02-01,2024
47992,THE RESERVE RESIDENCES,4247192.0,1625.36,2613,JALAN ANAK BUKIT,21 to 25,2024-02-01,2024
47993,BARTLEY RESIDENCES,1370000.0,796.54,1720,LORONG HOW SUN,06 to 10,2024-02-01,2024
47994,KOVAN RESIDENCES,1380000.0,893.41,1545,KOVAN ROAD,06 to 10,2024-02-01,2024
47995,BISHAN PARK CONDOMINIUM,1950000.0,1474.67,1322,SIN MING WALK,01 to 05,2024-02-01,2024
47996,RIO VISTA,1480000.0,1248.62,1185,UPPER SERANGOON VIEW,11 to 15,2024-02-01,2024
47997,TREASURE AT TAMPINES,2120000.0,1237.86,1713,TAMPINES LANE,06 to 10,2024-02-01,2024
47998,PINETREE HILL,2408000.0,968.76,2486,PINE GROVE,06 to 10,2024-02-01,2024
47999,RIVERSAILS,1188000.0,882.65,1346,UPPER SERANGOON CRESCENT,11 to 15,2024-02-01,2024
48000,HAWAII TOWER,4000000.0,2238.91,1787,MEYER ROAD,06 to 10,2024-02-01,2024
48001,AMBER SKYE,3200000.0,1334.74,2397,AMBER ROAD,16 to 20,2024-02-01,2024
48002,THE BAYSHORE,1315000.0,979.52,1342,BAYSHORE ROAD,21 to 25,2024-02-01,2024
48003,MANDARIN GARDENS,2180000.0,1571.54,1387,SIGLAP ROAD,16 to 20,2024-02-01,2024
48004,BARTLEY VUE,1999000.0,1065.64,1876,JALAN BUNGA RAMPAI,01 to 05,2024-02-01,2024
48005,THE PALETTE,1540000.0,1151.75,1337,PASIR RIS GROVE,01 to 05,2024-02-01,2024
48006,THE MINTON,1380000.0,979.52,1409,HOUGANG STREET 11,01 to 05,2024-02-01,2024
48007,RIZ HAVEN,620000.0,452.09,1371,JALAN LOYANG BESAR,01 to 05,2024-02-01,2024
48008,CHANGI RISE CONDOMINIUM,1188000.0,1130.22,1051,SIMEI RISE,01 to 05,2024-02-01,2024
48009,AFFINITY AT SERANGOON,2100000.0,1076.4,1951,SERANGOON NORTH AVENUE 1,11 to 15,2024-02-01,2024
48010,OASIS @ ELIAS,1145000.0,979.52,1169,ELIAS ROAD,11 to 15,2024-02-01,2024
48011,RIVERSOUND RESIDENCE,1400000.0,1065.64,1314,SENGKANG EAST AVENUE,06 to 10,2024-01-01,2024
48012,ONE FORT,2500000.0,1205.57,2074,FORT ROAD,11 to 15,2024-01-01,2024
48013,KI RESIDENCES AT BROOKVALE,2081000.0,936.47,2222,BROOKVALE DRIVE,01 to 05,2024-01-01,2024
48014,FORTUNE PARK,1450000.0,1184.04,1225,TAMPINES ROAD,06 to 10,2024-01-01,2024
48015,BRADDELL VIEW,1770000.0,1862.17,951,BRADDELL HILL,01 to 05,2024-01-01,2024
48016,COMPASS HEIGHTS,1280000.0,1054.87,1213,SENGKANG SQUARE,06 to 10,2024-01-01,2024
48017,THE MINTON,1750000.0,1506.96,1161,HOUGANG STREET 11,01 to 05,2024-01-01,2024
48018,MABELLE,1428888.0,882.65,1619,LORONG M TELOK KURAU,01 to 05,2024-01-01,2024
48019,TERRASSE,1090000.0,753.48,1447,TERRASSE LANE,01 to 05,2024-01-01,2024
48020,BAYSHORE PARK,2750000.0,2238.91,1228,BAYSHORE ROAD,26 to 30,2024-01-01,2024
48021,THE GARDENS AT BISHAN,1300000.0,882.65,1473,SIN MING WALK,06 to 10,2024-01-01,2024
48022,THE FLORENCE RESIDENCES,1190000.0,667.37,1783,HOUGANG AVENUE 2,06 to 10,2024-01-01,2024
48023,HOUGANG GREEN,790000.0,764.24,1034,BUANGKOK GREEN,01 to 05,2024-01-01,2024
48024,PARC CENTROS,1740000.0,1140.98,1525,PUNGGOL CENTRAL,11 to 15,2024-01-01,2024
48025,DAINTREE RESIDENCE,1550000.0,742.72,2087,TOH TUCK ROAD,01 to 05,2024-01-01,2024
48026,D'NEST,995000.0,753.48,1321,PASIR RIS GROVE,01 to 05,2024-01-01,2024
48027,KI RESIDENCES AT BROOKVALE,2374600.0,1151.75,2062,BROOKVALE DRIVE,11 to 15,2024-01-01,2024
48028,THE LUXURIE,1120000.0,731.95,1530,COMPASSVALE ROAD,01 to 05,2024-01-01,2024
48029,CARISSA PARK CONDOMINIUM,788000.0,645.84,1220,FLORA DRIVE,01 to 05,2024-01-01,2024
48030,THE CONTINUUM,1875000.0,667.37,2810,THIAM SIEW AVENUE,11 to 15,2024-01-01,2024
48031,THE SHORE RESIDENCES,1788888.0,914.94,1955,AMBER ROAD,06 to 10,2024-01-01,2024
48032,DUNMAN VIEW,1750000.0,1173.28,1492,HAIG ROAD,06 to 10,2024-01-01,2024
48033,GRANDEUR PARK RESIDENCES,1180000.0,592.02,1993,BEDOK SOUTH AVENUE 3,06 to 10,2024-01-01,2024
48034,DAINTREE RESIDENCE,1550000.0,753.48,2057,TOH TUCK ROAD,01 to 05,2024-01-01,2024
48035,COCO PALMS,2580000.0,1743.77,1480,PASIR RIS GROVE,11 to 15,2024-01-01,2024
48036,THE ESTA,3118000.0,1345.5,2317,AMBER GARDENS,11 to 15,2024-01-01,2024
48037,THE LUXURIE,1460000.0,1011.82,1443,COMPASSVALE ROAD,06 to 10,2024-01-01,2024
48038,ECO,1726000.0,1162.51,1485,BEDOK SOUTH AVENUE 3,11 to 15,2024-01-01,2024
48039,GRAND DUNMAN,2055000.0,775.01,2652,DUNMAN ROAD,06 to 10,2024-01-01,2024
48040,THE CONTINUUM,2115000.0,721.19,2933,THIAM SIEW AVENUE,11 to 15,2024-01-01,2024
48041,PARC CENTROS,1145000.0,764.24,1498,PUNGGOL CENTRAL,11 to 15,2024-01-01,2024
48042,THE FLORENCE RESIDENCES,1700000.0,936.47,1815,HOUGANG AVENUE 2,06 to 10,2024-01-01,2024
48043,AFFINITY AT SERANGOON,1368000.0,731.95,1869,SERANGOON NORTH AVENUE 1,11 to 15,2024-01-01,2024
48044,TANAH MERAH MANSION,1138000.0,904.18,1259,TANAH MERAH KECHIL ROAD SOUTH,01 to 05,2024-01-01,2024
48045,THE MINTON,1410000.0,979.52,1439,HOUGANG STREET 11,11 to 15,2024-01-01,2024
48046,RIVERSOUND RESIDENCE,1000000.0,753.48,1327,SENGKANG EAST AVENUE,01 to 05,2024-01-01,2024
48047,THE SANTORINI,732000.0,527.44,1388,TAMPINES STREET 86,01 to 05,2024-01-01,2024
48048,KEW GREEN,3150000.0,3584.41,879,KEW CRESCENT,-,2024-01-01,2024
48049,VUE 8 RESIDENCE,1868000.0,1345.5,1388,PASIR RIS HEIGHTS,06 to 10,2024-01-01,2024
48050,RIVERSOUND RESIDENCE,990000.0,753.48,1314,SENGKANG EAST AVENUE,11 to 15,2024-01-01,2024
48051,SKY EDEN@BEDOK,2254000.0,1087.16,2073,BEDOK CENTRAL,01 to 05,2024-01-01,2024
48052,GRAND DUNMAN,1880000.0,721.19,2607,DUNMAN ROAD,01 to 05,2024-01-01,2024
48053,GRAND DUNMAN,4395000.0,1786.82,2460,DUNMAN ROAD,06 to 10,2024-01-01,2024
48054,SKY EDEN@BEDOK,2359000.0,1087.16,2170,BEDOK CENTRAL,11 to 15,2024-01-01,2024
48055,MIDTOWN RESIDENCES,1850000.0,1291.68,1432,UPPER SERANGOON ROAD,11 to 15,2024-01-01,2024
48056,THE PALETTE,723000.0,505.91,1429,PASIR RIS GROVE,01 to 05,2024-01-01,2024
48057,THE PALETTE,1050000.0,731.95,1435,PASIR RIS GROVE,06 to 10,2024-01-01,2024
48058,THE PROMENADE@PELIKAT,1088000.0,807.3,1348,JALAN PELIKAT,01 to 05,2024-01-01,2024
48059,Q BAY RESIDENCES,780000.0,527.44,1479,TAMPINES STREET 86,11 to 15,2024-01-01,2024
48060,BOATHOUSE RESIDENCES,970000.0,731.95,1325,UPPER SERANGOON VIEW,01 to 05,2024-01-01,2024
48061,THE SANTORINI,1000000.0,753.48,1327,TAMPINES STREET 86,06 to 10,2024-01-01,2024
48062,CENTRO RESIDENCES,1292000.0,742.72,1740,ANG MO KIO AVENUE 8,06 to 10,2024-01-01,2024
48063,STRATUM,800000.0,592.02,1351,ELIAS ROAD,01 to 05,2024-01-01,2024
48064,CLEMENTI PARK,2900000.0,1754.53,1653,SUNSET WAY,01 to 05,2024-01-01,2024
48065,BOATHOUSE RESIDENCES,1100000.0,839.59,1310,UPPER SERANGOON VIEW,11 to 15,2024-01-01,2024
48066,THE SANTORINI,770000.0,527.44,1460,TAMPINES STREET 86,11 to 15,2024-01-01,2024
48067,THE PALETTE,1430000.0,1065.64,1342,PASIR RIS GROVE,06 to 10,2024-01-01,2024
48068,THE TEMBUSU,1320000.0,764.24,1727,TAMPINES ROAD,01 to 05,2024-01-01,2024
48069,TRILIVE,2000080.0,1162.51,1720,TAMPINES ROAD,06 to 10,2024-01-01,2024
48070,D'NEST,1400000.0,968.76,1445,PASIR RIS GROVE,11 to 15,2024-01-01,2024
48071,NEPTUNE COURT,1700000.0,1636.13,1039,MARINE VISTA,21 to 25,2024-01-01,2024
48072,SUMMERHILL,1950000.0,1205.57,1617,HUME AVENUE,06 to 10,2024-01-01,2024
48073,WATERTOWN,955000.0,602.78,1584,PUNGGOL CENTRAL,01 to 05,2024-01-01,2024
48074,CLEMENTI PARK,2200000.0,1345.5,1635,SUNSET WAY,01 to 05,2024-01-01,2024
48075,BOATHOUSE RESIDENCES,1930000.0,1463.9,1318,UPPER SERANGOON VIEW,01 to 05,2024-01-01,2024
48076,SUNGLADE,1238000.0,818.06,1513,SERANGOON AVENUE 2,11 to 15,2024-01-01,2024
48077,EMPRADO SUITES,1680000.0,1054.87,1593,LORONG N TELOK KURAU,01 to 05,2024-01-01,2024
48078,TREASURE AT TAMPINES,1028000.0,581.26,1769,TAMPINES LANE,11 to 15,2024-01-01,2024
48079,THE WATERLINE,2130000.0,1496.2,1424,POH HUAT ROAD WEST,01 to 05,2024-01-01,2024
48080,PASIR RIS 8,1934000.0,1022.58,1891,PASIR RIS DRIVE 8,01 to 05,2024-01-01,2024
48081,RIVERFRONT RESIDENCES,900000.0,516.67,1742,HOUGANG AVENUE 7,16 to 20,2024-01-01,2024
48082,LA FIESTA,1750000.0,1097.93,1594,SENGKANG SQUARE,11 to 15,2024-01-01,2024
48083,PARC OLYMPIA,925000.0,796.54,1161,FLORA DRIVE,01 to 05,2024-01-01,2024
48084,RIVERVALE CREST,1400000.0,1367.03,1024,RIVERVALE CRESCENT,11 to 15,2024-01-01,2024
48085,KENSINGTON PARK CONDOMINIUM,3250000.0,2238.91,1452,KENSINGTON PARK DRIVE,01 to 05,2024-01-01,2024
48086,HILLVIEW GREEN,2470000.0,1582.31,1561,HUME AVENUE,06 to 10,2024-01-01,2024
48087,SPRING @ KATONG,2920000.0,1679.18,1739,CEYLON ROAD,01 to 05,2024-01-01,2024
48088,VIEW AT KISMIS,1180000.0,592.02,1993,LORONG KISMIS,01 to 05,2024-01-01,2024
48089,TREASURE AT TAMPINES,2988000.0,1689.95,1768,TAMPINES LANE,01 to 05,2024-01-01,2024
48090,PINETREE HILL,2001520.0,796.54,2513,PINE GROVE,21 to 25,2024-01-01,2024
48091,HILLSIDE MANSIONS,1640000.0,1194.8,1373,HILLSIDE DRIVE,01 to 05,2024-01-01,2024
48092,PARC OLYMPIA,1055000.0,1022.58,1032,FLORA DRIVE,01 to 05,2024-01-01,2024
48093,LAGOON VIEW,1900000.0,1646.89,1154,5000L,11 to 15,2024-01-01,2024
48094,SUITES @ EASTCOAST,750000.0,419.8,1787,UPPER EAST COAST ROAD,01 to 05,2024-01-01,2024
48095,THE FLORENCE RESIDENCES,1240000.0,721.19,1719,HOUGANG AVENUE 2,06 to 10,2024-01-01,2024
48096,EDELWEISS PARK CONDOMINIUM,990000.0,947.23,1045,FLORA ROAD,01 to 05,2024-01-01,2024
48097,CASUARINA COVE,2260000.0,1388.56,1628,TANJONG RHU ROAD,11 to 15,2024-01-01,2024
48098,PARC ELEGANCE,968000.0,602.78,1606,TELOK KURAU ROAD,01 to 05,2024-01-01,2024
48099,THE SCALA,910000.0,592.02,1537,SERANGOON AVENUE 3,01 to 05,2024-01-01,2024
48100,VILLA MARINA,1530000.0,1130.22,1354,JALAN SEMPADAN,01 to 05,2024-01-01,2024
48101,THE ESTA,3680000.0,1593.07,2310,AMBER GARDENS,11 to 15,2024-01-01,2024
48102,AQUARIUS BY THE PARK,1666000.0,1323.97,1258,BEDOK RESERVOIR VIEW,06 to 10,2024-01-01,2024
48103,URBAN VISTA,758000.0,441.32,1718,TANAH MERAH KECHIL LINK,06 to 10,2024-01-01,2024
48104,THE CONTINUUM,2893000.0,1065.64,2715,THIAM SIEW AVENUE,06 to 10,2024-01-01,2024
48105,A TREASURE TROVE,1780000.0,1399.32,1272,PUNGGOL WALK,01 to 05,2024-01-01,2024
48106,LIVIA,1050000.0,914.94,1148,PASIR RIS GROVE,01 to 05,2024-01-01,2024
48107,EDELWEISS PARK CONDOMINIUM,2860000.0,3196.91,895,FLORA ROAD,06 to 10,2024-01-01,2024
48108,STARS OF KOVAN,1405000.0,742.72,1892,UPPER SERANGOON ROAD,06 to 10,2024-01-01,2024
48109,THE SPRINGBLOOM,2250000.0,1431.61,1572,SERANGOON AVENUE 3,06 to 10,2024-01-01,2024
48110,THE PROMENADE@PELIKAT,1080000.0,925.7,1167,JALAN PELIKAT,01 to 05,2024-01-01,2024
48111,URBAN VISTA,1435000.0,1044.11,1374,TANAH MERAH KECHIL LINK,01 to 05,2024-01-01,2024
48112,TREASURE AT TAMPINES,795000.0,462.85,1718,TAMPINES LANE,06 to 10,2024-01-01,2024
48113,LIVIA,1690000.0,1345.5,1256,PASIR RIS GROVE,01 to 05,2024-01-01,2024
48114,COSTA DEL SOL,2100000.0,1323.97,1586,BAYSHORE ROAD,11 to 15,2024-01-01,2024
48115,THE CASCADIA,3190000.0,1496.2,2132,BUKIT TIMAH ROAD,01 to 05,2024-01-01,2024
48116,ARCHIPELAGO,1250000.0,839.59,1489,BEDOK RESERVOIR ROAD,01 to 05,2024-01-01,2024
48117,CHANGI COURT,1120000.0,839.59,1334,UPPER CHANGI ROAD EAST,01 to 05,2024-01-01,2024
48118,SKY VUE,990000.0,484.38,2044,BISHAN STREET 15,31 to 35,2024-01-01,2024
48119,SKY EDEN@BEDOK,2239000.0,1087.16,2059,BEDOK CENTRAL,01 to 05,2024-01-01,2024
48120,PASIR RIS 8,2269000.0,1302.44,1742,PASIR RIS DRIVE 8,01 to 05,2024-01-01,2024
48121,THE CONTINUUM,2515000.0,947.23,2655,THIAM SIEW AVENUE,01 to 05,2024-01-01,2024
48122,PINETREE HILL,2351000.0,968.76,2427,PINE GROVE,16 to 20,2024-01-01,2024
48123,ATLASSIA,2866878.0,1280.92,2238,JOO CHIAT PLACE,01 to 05,2024-01-01,2024
48124,MEYERHOUSE,9280000.0,2970.86,3124,MEYER ROAD,01 to 05,2024-01-01,2024
48125,Q BAY RESIDENCES,1050000.0,796.54,1318,TAMPINES STREET 86,01 to 05,2024-01-01,2024
48126,THE PALETTE,1510000.0,1173.28,1287,PASIR RIS GROVE,01 to 05,2024-01-01,2024
48127,RIVERSAILS,1520000.0,1108.69,1371,UPPER SERANGOON CRESCENT,06 to 10,2024-01-01,2024
48128,SEASIDE RESIDENCES,1100000.0,505.91,2174,SIGLAP LINK,06 to 10,2024-01-01,2024
48129,AMARANDA GARDENS,2400000.0,1162.51,2064,SERANGOON AVENUE 3,11 to 15,2024-01-01,2024
48130,THE SANTORINI,735000.0,527.44,1394,TAMPINES STREET 86,06 to 10,2024-01-01,2024
48131,THE BAYSHORE,1270000.0,979.52,1297,BAYSHORE ROAD,11 to 15,2024-01-01,2024
48132,EAST MEADOWS,1300000.0,1216.33,1069,TANAH MERAH KECHIL ROAD,01 to 05,2024-01-01,2024
48133,WATERTOWN,950000.0,602.78,1576,PUNGGOL CENTRAL,11 to 15,2024-01-01,2024
48134,URBAN VISTA,745000.0,430.56,1730,TANAH MERAH KECHIL LINK,11 to 15,2024-01-01,2024
48135,STRATFORD COURT,1300000.0,1237.86,1050,BEDOK RIA CRESCENT,01 to 05,2024-01-01,2024
48136,PARC PALAIS,1980000.0,1227.1,1614,HUME AVENUE,01 to 05,2024-01-01,2024
48137,THE GLADES,2500000.0,1506.96,1659,BEDOK RISE,06 to 10,2024-01-01,2024
48138,RIVER ISLES,1610000.0,1593.07,1011,EDGEDALE PLAINS,16 to 20,2024-01-01,2024
48139,THE FLORENCE RESIDENCES,1240000.0,667.37,1858,HOUGANG AVENUE 2,06 to 10,2024-01-01,2024
48140,THE RAMFORD,2180000.0,1194.8,1825,RAMBAI ROAD,01 to 05,2024-01-01,2024
48141,THOMSON IMPRESSIONS,855000.0,462.85,1847,LORONG PUNTONG,06 to 10,2024-01-01,2024
48142,PALM LOFT,2128000.0,1679.18,1267,JOO CHIAT TERRACE,01 to 05,2024-01-01,2024
48143,GRANDEUR 8,1700000.0,1194.8,1423,ANG MO KIO CENTRAL 3,06 to 10,2024-01-01,2024
48144,BLISS@KOVAN,1948000.0,1227.1,1587,SIMON LANE,01 to 05,2024-01-01,2024
48145,PINETREE HILL,2362000.0,968.76,2438,PINE GROVE,16 to 20,2024-01-01,2024
48146,PINETREE HILL,2394000.0,968.76,2471,PINE GROVE,21 to 25,2024-01-01,2024
48147,SILVERSEA,3200000.0,1485.43,2154,MARINE PARADE ROAD,06 to 10,2024-01-01,2024
48148,FINLAND GARDENS,2700000.0,1722.24,1568,EAST COAST TERRACE,01 to 05,2024-01-01,2024
48149,WATERFRONT WAVES,2120000.0,1259.39,1683,BEDOK RESERVOIR ROAD,11 to 15,2024-01-01,2024
48150,SENGKANG GRAND RESIDENCES,1270888.0,624.31,2036,COMPASSVALE BOW,06 to 10,2024-01-01,2024
48151,LAGUNA PARK,3600000.0,3369.13,1069,MARINE PARADE ROAD,21 to 25,2024-01-01,2024
48152,BOTANIQUE AT BARTLEY,2100000.0,1130.22,1858,UPPER PAYA LEBAR ROAD,16 to 20,2024-01-01,2024
48153,Q BAY RESIDENCES,1500000.0,1119.46,1340,TAMPINES STREET 86,01 to 05,2024-01-01,2024
48154,D'NEST,1910000.0,1410.08,1355,PASIR RIS GROVE,06 to 10,2024-01-01,2024
48155,KENSINGTON SQUARE,1180000.0,914.94,1290,JALAN LOKAM,01 to 05,2024-01-01,2024
48156,SCENECA RESIDENCE,3028000.0,1517.72,1995,TANAH MERAH KECHIL LINK,06 to 10,2024-01-01,2024
48157,THE CONTINUUM,1795000.0,667.37,2690,THIAM SIEW AVENUE,01 to 05,2024-01-01,2024
48158,THE BAYSHORE,1210800.0,947.23,1278,BAYSHORE ROAD,06 to 10,2024-01-01,2024
48159,BOATHOUSE RESIDENCES,1470000.0,1054.87,1394,UPPER SERANGOON VIEW,11 to 15,2024-01-01,2024
48160,ATLASSIA,2741026.0,1227.1,2234,JOO CHIAT PLACE,01 to 05,2024-01-01,2024
48161,BARTLEY RESIDENCES,1958888.0,1097.93,1784,LORONG HOW SUN,06 to 10,2024-01-01,2024
48162,THE BAYSHORE,1290000.0,979.52,1317,BAYSHORE ROAD,11 to 15,2024-01-01,2024
48163,JEWEL @ BUANGKOK,1538000.0,936.47,1642,COMPASSVALE BOW,06 to 10,2024-01-01,2024
48164,D'ECOSIA,920000.0,505.91,1819,STILL ROAD SOUTH,01 to 05,2024-01-01,2024
48165,CHANGI RISE CONDOMINIUM,1330000.0,1259.39,1056,SIMEI RISE,01 to 05,2024-01-01,2024
48166,LAGUNA PARK,1878000.0,1453.14,1292,MARINE PARADE ROAD,06 to 10,2024-01-01,2024
48167,SAVANNAH CONDOPARK,2000000.0,2045.16,978,SIMEI RISE,01 to 05,2024-01-01,2024
48168,A TREASURE TROVE,1558000.0,1044.11,1492,PUNGGOL WALK,06 to 10,2024-01-01,2024
48169,COSTA DEL SOL,3000000.0,1754.53,1710,BAYSHORE ROAD,06 to 10,2024-01-01,2024
48170,BAYWATER,1780000.0,1270.15,1401,BEDOK RESERVOIR ROAD,11 to 15,2024-01-01,2024
48171,THE CASCADIA,1820000.0,882.65,2062,BUKIT TIMAH ROAD,01 to 05,2024-01-01,2024
48172,HAIG COURT,1850000.0,1076.4,1719,HAIG ROAD,06 to 10,2024-01-01,2024
48173,AFFINITY AT SERANGOON,1320000.0,753.48,1752,SERANGOON NORTH AVENUE 1,01 to 05,2024-01-01,2024
48174,GRANDEUR 8,1860000.0,1227.1,1516,ANG MO KIO CENTRAL 3,16 to 20,2024-01-01,2024
48175,TREASURE AT TAMPINES,1680000.0,1033.34,1626,TAMPINES LANE,01 to 05,2024-01-01,2024
48176,RIVERVALE CREST,855000.0,968.76,883,RIVERVALE CRESCENT,01 to 05,2024-01-01,2024
48177,AFFINITY AT SERANGOON,822888.0,473.62,1737,SERANGOON NORTH AVENUE 1,01 to 05,2024-01-01,2024
48178,LA VIDA @ 130,1120000.0,775.01,1445,LORONG K TELOK KURAU,01 to 05,2024-01-01,2024
48179,RIVERSOUND RESIDENCE,1580000.0,1162.51,1359,SENGKANG EAST AVENUE,11 to 15,2024-01-01,2024
48180,RESIDENTIAL APARTMENTS,1900000.0,1388.56,1368,JOO CHIAT PLACE,01 to 05,2024-01-01,2024
48181,THE FLORENCE RESIDENCES,1265000.0,667.37,1896,HOUGANG AVENUE 2,06 to 10,2024-01-01,2024
48182,SKY EDEN@BEDOK,2766000.0,1302.44,2124,BEDOK CENTRAL,06 to 10,2024-01-01,2024
48183,DAINTREE RESIDENCE,1570000.0,775.01,2026,TOH TUCK ROAD,01 to 05,2024-01-01,2024
48184,THE RESERVE RESIDENCES,5292199.0,1915.99,2762,JALAN ANAK BUKIT,16 to 20,2024-01-01,2024
48185,PINETREE HILL,2209000.0,968.76,2280,PINE GROVE,06 to 10,2024-01-01,2024
48186,PINETREE HILL,2220000.0,968.76,2292,PINE GROVE,06 to 10,2024-01-01,2024
48187,PINETREE HILL,3238000.0,1291.68,2507,PINE GROVE,06 to 10,2024-01-01,2024
48188,PINETREE HILL,1853000.0,796.54,2326,PINE GROVE,11 to 15,2024-01-01,2024
48189,SUITES @ PAYA LEBAR,1658000.0,1388.56,1194,UPPER PAYA LEBAR ROAD,01 to 05,2024-01-01,2024
48190,TEMBUSU GRAND,1970000.0,742.72,2652,JALAN TEMBUSU,16 to 20,2024-01-01,2024
48191,THE BALE,1800000.0,1205.57,1493,LORONG H TELOK KURAU,01 to 05,2024-01-01,2024
48192,AFFINITY AT SERANGOON,1360000.0,753.48,1805,SERANGOON NORTH AVENUE 1,11 to 15,2024-01-01,2024
48193,TREASURE AT TAMPINES,1750000.0,1033.34,1694,TAMPINES LANE,06 to 10,2024-01-01,2024
48194,RIVER ISLES,1450000.0,1140.98,1271,EDGEDALE PLAINS,01 to 05,2024-01-01,2024
48195,THE FLORENCE RESIDENCES,1828000.0,1011.82,1807,HOUGANG AVENUE 2,11 to 15,2024-01-01,2024
48196,NOUVELLE PARK,1700000.0,1151.75,1476,POH HUAT ROAD WEST,06 to 10,2024-01-01,2024
48197,PEBBLE BAY,4210000.0,2766.35,1522,TANJONG RHU ROAD,01 to 05,2024-01-01,2024
48198,THE ESTA,3150000.0,1399.32,2251,AMBER GARDENS,11 to 15,2024-01-01,2024
48199,THE PALETTE,1138000.0,882.65,1289,PASIR RIS GROVE,01 to 05,2024-01-01,2024
48200,THE FLORENCE RESIDENCES,825000.0,484.38,1703,HOUGANG AVENUE 2,01 to 05,2024-01-01,2024
48201,TREASURE AT TAMPINES,1500000.0,914.94,1639,TAMPINES LANE,11 to 15,2024-01-01,2024
48202,PINETREE HILL,1386000.0,538.2,2575,PINE GROVE,16 to 20,2024-01-01,2024
48203,THE CONTINUUM,2688000.0,947.23,2838,THIAM SIEW AVENUE,11 to 15,2024-01-01,2024
48204,SCENECA RESIDENCE,2298000.0,1119.46,2053,TANAH MERAH KECHIL LINK,01 to 05,2024-01-01,2024
48205,SCENECA RESIDENCE,2298000.0,1119.46,2053,TANAH MERAH KECHIL LINK,06 to 10,2024-01-01,2024
48206,SCENECA RESIDENCE,1860000.0,904.18,2057,TANAH MERAH KECHIL LINK,01 to 05,2024-01-01,2024
48207,PINETREE HILL,1349000.0,538.2,2507,PINE GROVE,11 to 15,2024-01-01,2024
48208,BALLOTA PARK CONDOMINIUM,990000.0,1011.82,978,MARIAM WAY,01 to 05,2024-01-01,2024
48209,AFFINITY AT SERANGOON,842000.0,473.62,1778,SERANGOON NORTH AVENUE 1,11 to 15,2024-01-01,2024
48210,THE SANTORINI,1880000.0,1420.85,1323,TAMPINES STREET 86,06 to 10,2024-01-01,2024
48211,SYMPHONY HEIGHTS,1520000.0,1033.34,1471,HUME AVENUE,01 to 05,2024-01-01,2024
48212,RIVER ISLES,1240000.0,947.23,1309,EDGEDALE PLAINS,11 to 15,2024-01-01,2024
48213,BARTLEY VUE,2097000.0,1044.11,2008,JALAN BUNGA RAMPAI,11 to 15,2024-01-01,2024
48214,RIVERVALE CREST,1450000.0,1453.14,998,RIVERVALE CRESCENT,11 to 15,2024-01-01,2024
48215,WATERFRONT WAVES,2060000.0,1323.97,1556,BEDOK RESERVOIR ROAD,01 to 05,2024-01-01,2024
48216,BISHAN PARK CONDOMINIUM,1968000.0,1474.67,1335,SIN MING WALK,06 to 10,2024-01-01,2024
48217,THE CAPE,1850000.0,850.36,2176,AMBER ROAD,06 to 10,2024-01-01,2024
48218,PARC BLEU,1435000.0,1119.46,1282,JOO CHIAT PLACE,01 to 05,2024-01-01,2024
48219,AFFINITY AT SERANGOON,1350000.0,731.95,1844,SERANGOON NORTH AVENUE 1,01 to 05,2024-01-01,2024
48220,ESTIQUE,1850000.0,1302.44,1420,ROSE LANE,01 to 05,2024-01-01,2024
48221,THE FLORENCE RESIDENCES,1110000.0,635.08,1748,HOUGANG AVENUE 2,06 to 10,2024-01-01,2024
48222,RIVER ISLES,1800000.0,1442.38,1248,EDGEDALE PLAINS,01 to 05,2024-01-01,2024
48223,THE GALE,2690000.0,2540.3,1059,FLORA ROAD,06 to 10,2024-01-01,2024
48224,LAGUNA PARK,1928000.0,1614.6,1194,MARINE PARADE ROAD,06 to 10,2024-01-01,2024
48225,KINGSFORD WATERBAY,1010000.0,688.9,1466,UPPER SERANGOON VIEW,11 to 15,2024-01-01,2024
48226,WATERVIEW,1260000.0,925.7,1361,TAMPINES AVENUE 1,01 to 05,2024-01-01,2024
48227,THE CASCADIA,1980000.0,990.29,1999,BUKIT TIMAH ROAD,01 to 05,2024-01-01,2024
48228,THE FLORENCE RESIDENCES,820000.0,484.38,1693,HOUGANG AVENUE 2,01 to 05,2024-01-01,2024
48229,SKY EDEN@BEDOK,2381000.0,1087.16,2190,BEDOK CENTRAL,11 to 15,2024-01-01,2024
48230,HIGH OAK CONDOMINIUM,1398888.0,990.29,1413,TOH TUCK ROAD,01 to 05,2024-01-01,2024
48231,JLB RESIDENCES,1330800.0,1001.05,1329,JALAN LOYANG BESAR,01 to 05,2024-01-01,2024
48232,VIEW AT KISMIS,1368000.0,688.9,1986,LORONG KISMIS,01 to 05,2024-01-01,2024
48233,TREASURE GARDENS,1260000.0,1033.34,1219,TEOW HOCK AVENUE,01 to 05,2024-01-01,2024
48234,AFFINITY AT SERANGOON,1070000.0,613.55,1744,SERANGOON NORTH AVENUE 1,11 to 15,2024-01-01,2024
48235,BOTANIQUE AT BARTLEY,876000.0,516.67,1695,UPPER PAYA LEBAR ROAD,06 to 10,2024-01-01,2024
48236,PINETREE HILL,2567000.0,968.76,2650,PINE GROVE,21 to 25,2024-01-01,2024
48237,PALM OASIS,1090000.0,742.72,1468,LORONG H TELOK KURAU,01 to 05,2024-01-01,2024
48238,LE CONNEY PARK,1700000.0,1205.57,1410,LORONG L TELOK KURAU,01 to 05,2024-01-01,2024
48239,EAST PALM,1700000.0,1054.87,1612,PALM ROAD,01 to 05,2024-01-01,2024
48240,TG MANSION,1600000.0,1248.62,1281,LORONG H TELOK KURAU,01 to 05,2024-01-01,2024
48241,EDELWEISS PARK CONDOMINIUM,1150000.0,1270.15,905,FLORA ROAD,01 to 05,2024-01-01,2024
48242,AFFINITY AT SERANGOON,880000.0,538.2,1635,SERANGOON NORTH AVENUE 1,01 to 05,2024-01-01,2024
48243,THE TAPESTRY,1332000.0,807.3,1650,TAMPINES STREET 86,11 to 15,2024-01-01,2024
48244,THE CONTINUUM,2077000.0,721.19,2880,THIAM SIEW AVENUE,16 to 20,2024-01-01,2024
48245,THE RESERVE RESIDENCES,8098520.0,2809.4,2883,JALAN ANAK BUKIT,31 to 35,2024-01-01,2024
48246,KINGSFORD WATERBAY,1168000.0,850.36,1374,UPPER SERANGOON VIEW,11 to 15,2024-01-01,2024
48247,WATERTOWN,1890000.0,1108.69,1705,PUNGGOL CENTRAL,11 to 15,2024-01-01,2024
48248,FAR HORIZON GARDENS,1280000.0,1151.75,1111,ANG MO KIO AVENUE 9,01 to 05,2024-01-01,2024
48249,SUNGLADE,1330000.0,861.12,1545,SERANGOON AVENUE 2,06 to 10,2024-01-01,2024
48250,TREASURE AT TAMPINES,1600000.0,914.94,1749,TAMPINES LANE,01 to 05,2024-01-01,2024
48251,RIVERVALE CREST,1158000.0,1162.51,996,RIVERVALE CRESCENT,11 to 15,2024-01-01,2024
48252,WATERTOWN,2758888.0,1474.67,1871,PUNGGOL CENTRAL,11 to 15,2024-01-01,2024
48253,COSTA DEL SOL,2180000.0,1313.21,1660,BAYSHORE ROAD,06 to 10,2024-01-01,2024
48254,THE MINTON,1418888.0,979.52,1449,HOUGANG STREET 11,11 to 15,2024-01-01,2024
48255,THE CASCADIA,1920000.0,990.29,1939,BUKIT TIMAH ROAD,01 to 05,2024-01-01,2024
48256,MAYFAIR GARDENS,1280000.0,635.08,2016,RIFLE RANGE ROAD,01 to 05,2024-01-01,2024
48257,D'NEST,1360000.0,968.76,1404,PASIR RIS GROVE,06 to 10,2024-01-01,2024
48258,KI RESIDENCES AT BROOKVALE,2340000.0,1151.75,2032,BROOKVALE DRIVE,11 to 15,2024-01-01,2024
48259,RIVERSAILS,1185000.0,882.65,1343,UPPER SERANGOON CRESCENT,11 to 15,2024-01-01,2024
48260,COCO PALMS,1900000.0,1259.39,1509,PASIR RIS GROVE,06 to 10,2024-01-01,2024
48261,SEASONS VIEW,1290000.0,968.76,1332,PEMIMPIN DRIVE,06 to 10,2024-01-01,2024
48262,KI RESIDENCES AT BROOKVALE,3000000.0,1474.67,2034,BROOKVALE DRIVE,01 to 05,2024-01-01,2024
48263,HEDGES PARK CONDOMINIUM,1250000.0,1001.05,1249,FLORA DRIVE,06 to 10,2024-01-01,2024
48264,TREASURE AT TAMPINES,833000.0,484.38,1720,TAMPINES LANE,11 to 15,2024-01-01,2024
48265,TREASURE AT TAMPINES,810000.0,462.85,1750,TAMPINES LANE,11 to 15,2024-01-01,2024
48266,KOVAN RESIDENCES,2400000.0,1280.92,1874,KOVAN ROAD,11 to 15,2024-01-01,2024
48267,MARYMOUNT VIEW,2150000.0,1259.39,1707,PEMIMPIN DRIVE,11 to 15,2024-01-01,2024
48268,CLEMENTI PARK,2168000.0,1345.5,1611,SUNSET WAY,01 to 05,2024-01-01,2024
48269,KNOX VIEW,1900000.0,1184.04,1605,LORONG M TELOK KURAU,01 to 05,2024-01-01,2024
48270,THE BAYSHORE,1200000.0,925.7,1296,BAYSHORE ROAD,06 to 10,2024-01-01,2024
48271,RIVERFRONT RESIDENCES,1490550.0,871.88,1710,HOUGANG AVENUE 7,06 to 10,2024-01-01,2024
48272,THE CONTINUUM,2101000.0,721.19,2913,THIAM SIEW AVENUE,11 to 15,2024-01-01,2024
48273,THE CONTINUUM,2129000.0,721.19,2952,THIAM SIEW AVENUE,11 to 15,2024-01-01,2024
48274,THE QUINN,1400000.0,839.59,1667,BARTLEY ROAD,01 to 05,2024-01-01,2024
48275,VENTURA VIEW,700000.0,441.32,1586,RAMBUTAN ROAD,01 to 05,2024-01-01,2024
48276,SEASTRAND,1695000.0,1302.44,1301,PASIR RIS LINK,06 to 10,2024-01-01,2024
48277,FULCRUM,1510000.0,678.13,2227,FORT ROAD,01 to 05,2024-01-01,2024
48278,PALM ISLES,1638000.0,1323.97,1237,FLORA DRIVE,06 to 10,2024-01-01,2024
48279,HILLVIEW GREEN,2470000.0,1614.6,1530,HUME AVENUE,06 to 10,2024-01-01,2024
48280,EAST PALM,1855000.0,1194.8,1553,PALM ROAD,01 to 05,2024-01-01,2024
48281,D'NEST,1800000.0,1270.15,1417,PASIR RIS GROVE,11 to 15,2024-01-01,2024
48282,AFFINITY AT SERANGOON,842000.0,473.62,1778,SERANGOON NORTH AVENUE 1,06 to 10,2024-01-01,2024
48283,RIVERVALE CREST,950000.0,1162.51,817,RIVERVALE CRESCENT,16 to 20,2024-01-01,2024
48284,SANDY EIGHT,1300000.0,678.13,1917,SANDY LANE,01 to 05,2024-01-01,2024
48285,LA FIESTA,1250000.0,753.48,1659,SENGKANG SQUARE,11 to 15,2024-01-01,2024
48286,THE MAKENA,2360000.0,1291.68,1827,MEYER ROAD,01 to 05,2024-01-01,2024
48287,RIVERFRONT RESIDENCES,1428000.0,871.88,1638,HOUGANG AVENUE 7,01 to 05,2024-01-01,2024
48288,KINGSFORD WATERBAY,737000.0,473.62,1556,UPPER SERANGOON VIEW,01 to 05,2024-01-01,2024
48289,THE CONTINUUM,2037000.0,721.19,2825,THIAM SIEW AVENUE,11 to 15,2024-01-01,2024
48290,THE RESERVE RESIDENCES,3423041.0,1323.97,2585,JALAN ANAK BUKIT,26 to 30,2024-01-01,2024
48291,THE CONTINUUM,3140000.0,1087.16,2888,THIAM SIEW AVENUE,11 to 15,2024-01-01,2024
48292,THE RESERVE RESIDENCES,3433881.0,1323.97,2594,JALAN ANAK BUKIT,26 to 30,2024-01-01,2024
48293,SCENECA RESIDENCE,2366000.0,1119.46,2114,TANAH MERAH KECHIL LINK,06 to 10,2024-01-01,2024
48294,THE GARDENS AT BISHAN,3520000.0,2335.79,1507,SIN MING WALK,16 to 20,2024-01-01,2024
48295,FERNWOOD TOWERS,2550000.0,1646.89,1548,FERNWOOD TERRACE,11 to 15,2024-01-01,2024
48296,PINETREE HILL,3531330.0,1463.9,2412,PINE GROVE,06 to 10,2024-01-01,2024
48297,PINETREE HILL,3581000.0,1463.9,2446,PINE GROVE,11 to 15,2024-01-01,2024
48298,A TREASURE TROVE,1520000.0,1044.11,1456,PUNGGOL WALK,11 to 15,2024-01-01,2024
48299,VUE 8 RESIDENCE,1106000.0,796.54,1389,PASIR RIS HEIGHTS,06 to 10,2024-01-01,2024
48300,D'NEST,1688000.0,1270.15,1329,PASIR RIS GROVE,01 to 05,2024-01-01,2024
48301,PARC OLYMPIA,655000.0,495.14,1323,FLORA DRIVE,01 to 05,2024-01-01,2024
48302,CAMELOT BY-THE-WATER,5400000.0,3530.59,1529,TANJONG RHU ROAD,01 to 05,2024-01-01,2024
48303,TREASURE AT TAMPINES,968000.0,581.26,1665,TAMPINES LANE,06 to 10,2024-01-01,2024
48304,JADESCAPE,2005000.0,904.18,2217,SHUNFU ROAD,06 to 10,2024-01-01,2024
48305,THE FLORENCE RESIDENCES,1280000.0,721.19,1775,HOUGANG AVENUE 2,06 to 10,2024-01-01,2024
48306,BISHAN 8,1700000.0,1162.51,1462,BISHAN STREET 21,01 to 05,2024-01-01,2024
48307,BAYSHORE PARK,1730000.0,1291.68,1339,BAYSHORE ROAD,06 to 10,2024-01-01,2024
48308,TREASURE AT TAMPINES,940000.0,592.02,1588,TAMPINES LANE,01 to 05,2024-01-01,2024
48309,BAYSHORE PARK,1239800.0,936.47,1324,BAYSHORE ROAD,11 to 15,2024-01-01,2024
48310,AFFINITY AT SERANGOON,1140000.0,624.31,1826,SERANGOON NORTH AVENUE 1,06 to 10,2024-01-01,2024
48311,THE GLADES,880000.0,570.49,1543,BEDOK RISE,01 to 05,2024-01-01,2024
48312,THE VERTE,1858000.0,1108.69,1676,LORONG H TELOK KURAU,01 to 05,2024-01-01,2024
48313,THE PALETTE,1975000.0,1377.79,1433,PASIR RIS GROVE,11 to 15,2024-01-01,2024
48314,URBAN VISTA,718000.0,441.32,1627,TANAH MERAH KECHIL LINK,01 to 05,2024-01-01,2024
48315,SHERWOOD TOWER,1568000.0,1539.25,1019,JALAN ANAK BUKIT,16 to 20,2024-01-01,2024
48316,THE TAPESTRY,730000.0,441.32,1654,TAMPINES STREET 86,01 to 05,2024-01-01,2024
48317,JADESCAPE,1400000.0,645.84,2168,SHUNFU ROAD,06 to 10,2024-01-01,2024
48318,BRADDELL VIEW,1798000.0,1797.59,1000,BRADDELL HILL,01 to 05,2024-01-01,2024
48319,RICCHEZZA,1560000.0,1259.39,1239,LORONG M TELOK KURAU,01 to 05,2024-01-01,2024
48320,LAKEVIEW ESTATE,1738000.0,1614.6,1076,UPPER THOMSON ROAD,16 to 20,2024-01-01,2024
48321,TRILIVE,1610000.0,882.65,1824,TAMPINES ROAD,06 to 10,2024-01-01,2024
48322,WATER PLACE,1955000.0,1216.33,1607,TANJONG RHU ROAD,11 to 15,2024-01-01,2024
48323,TREASURE AT TAMPINES,798000.0,462.85,1724,TAMPINES LANE,06 to 10,2024-01-01,2024
48324,GRAND DUCHESS AT ST PATRICK'S,3900000.0,2572.6,1516,ST. PATRICK'S ROAD,01 to 05,2024-01-01,2024
48325,ESTIQUE,1408888.0,882.65,1596,ROSE LANE,01 to 05,2024-01-01,2024
48326,CANTIZ @ RAMBAI,1760000.0,1496.2,1176,RAMBAI ROAD,01 to 05,2024-01-01,2024
48327,BOTANIQUE AT BARTLEY,860000.0,516.67,1664,UPPER PAYA LEBAR ROAD,06 to 10,2024-01-01,2024
48328,THE HACIENDA,3665000.0,2195.86,1669,HACIENDA GROVE,01 to 05,2024-01-01,2024
48329,TERRENE AT BUKIT TIMAH,1030000.0,624.31,1650,JALAN JURONG KECHIL,01 to 05,2024-01-01,2024
48330,RIS GRANDEUR,2988000.0,3702.82,807,ELIAS ROAD,16 to 20,2024-01-01,2024
48331,SKY VUE,1430000.0,678.13,2109,BISHAN STREET 15,26 to 30,2024-01-01,2024
48332,WATERFRONT GOLD,870000.0,581.26,1497,BEDOK RESERVOIR ROAD,06 to 10,2024-01-01,2024
48333,CANTIZ @ RAMBAI,1440000.0,871.88,1652,RAMBAI ROAD,01 to 05,2024-01-01,2024
48334,BARTLEY VUE,1330000.0,656.6,2026,JALAN BUNGA RAMPAI,11 to 15,2024-01-01,2024
48335,COSTA DEL SOL,2195000.0,1237.86,1773,BAYSHORE ROAD,11 to 15,2024-01-01,2024
48336,RIPPLE BAY,1638000.0,1162.51,1409,PASIR RIS LINK,06 to 10,2024-01-01,2024
48337,MELVILLE PARK,880000.0,958.0,919,SIMEI STREET 1,01 to 05,2024-01-01,2024
48338,FLO RESIDENCE,1320000.0,1011.82,1305,PUNGGOL FIELD WALK,06 to 10,2024-01-01,2024
48339,WATERTOWN,910000.0,602.78,1510,PUNGGOL CENTRAL,06 to 10,2024-01-01,2024
48340,RIVERSAILS,1518000.0,1108.69,1369,UPPER SERANGOON CRESCENT,06 to 10,2024-01-01,2024
48341,TERRASSE,880000.0,656.6,1340,TERRASSE LANE,01 to 05,2024-01-01,2024
48342,THE FLORENCE RESIDENCES,1340000.0,753.48,1778,HOUGANG AVENUE 2,06 to 10,2024-01-01,2024
48343,THE RESERVE RESIDENCES,3350000.0,1323.97,2530,JALAN ANAK BUKIT,26 to 30,2024-01-01,2024
48344,GRAND DUNMAN,1627000.0,667.37,2438,DUNMAN ROAD,01 to 05,2024-01-01,2024
48345,AFFINITY AT SERANGOON,1938000.0,1173.28,1652,SERANGOON NORTH AVENUE 1,01 to 05,2024-01-01,2024
48346,THE MINTON,1840000.0,1216.33,1513,HOUGANG STREET 11,11 to 15,2024-01-01,2024
48347,PARC KOMO,1758000.0,1001.05,1756,UPPER CHANGI ROAD NORTH,01 to 05,2024-01-01,2024
48348,NV RESIDENCES,1350000.0,1108.69,1218,PASIR RIS GROVE,06 to 10,2024-01-01,2024
48349,ECO,1620000.0,990.29,1636,BEDOK SOUTH AVENUE 3,01 to 05,2024-01-01,2024
48350,SIN MING PLAZA,2070000.0,1485.43,1394,SIN MING ROAD,01 to 05,2024-01-01,2024
48351,THE GARDENS AT BISHAN,1800000.0,1205.57,1493,SIN MING WALK,06 to 10,2024-01-01,2024
48352,THE COTZ,720000.0,452.09,1593,TELOK KURAU ROAD,01 to 05,2024-01-01,2024
48353,DUNMAN VIEW,1800000.0,1216.33,1480,HAIG ROAD,06 to 10,2024-01-01,2024
48354,LA FIESTA,1420000.0,893.41,1589,SENGKANG SQUARE,06 to 10,2024-01-01,2024
48355,SKY EDEN@BEDOK,2346000.0,1087.16,2158,BEDOK CENTRAL,06 to 10,2024-01-01,2024
48356,THE RESERVE RESIDENCES,3412201.0,1323.97,2577,JALAN ANAK BUKIT,26 to 30,2024-01-01,2024
48357,PINETREE HILL,2008000.0,796.54,2521,PINE GROVE,11 to 15,2024-01-01,2024
48358,PINETREE HILL,1954000.0,796.54,2453,PINE GROVE,01 to 05,2024-01-01,2024
88352,LENTOR HILLS RESIDENCES,1669000.0,710.42,2349,LENTOR HILLS ROAD,16 to 20,2024-02-01,2024
88353,THE ARDEN,2418000.0,1388.56,1741,PHOENIX ROAD,01 to 05,2024-02-01,2024
88354,THE ARDEN,1233000.0,656.6,1878,PHOENIX ROAD,01 to 05,2024-02-01,2024
88355,HILLHAVEN,1618570.0,796.54,2032,HILLVIEW RISE,06 to 10,2024-02-01,2024
88356,HILLHAVEN,2072215.0,1011.82,2048,HILLVIEW RISE,11 to 15,2024-02-01,2024
88357,IVORY HEIGHTS,1826000.0,1700.71,1074,JURONG EAST STREET 13,21 to 25,2024-02-01,2024
88358,HILLSTA,1400000.0,1087.16,1288,PHOENIX ROAD,11 to 15,2024-02-01,2024
88359,THE MYST,1987000.0,1033.34,1923,UPPER BUKIT TIMAH ROAD,01 to 05,2024-02-01,2024
88360,LENTOR HILLS RESIDENCES,2764000.0,1345.5,2054,LENTOR HILLS ROAD,01 to 05,2024-02-01,2024
88361,THE WISTERIA,1530000.0,1173.28,1304,YISHUN RING ROAD,06 to 10,2024-02-01,2024
88362,THE MYST,1996000.0,1033.34,1932,UPPER BUKIT TIMAH ROAD,01 to 05,2024-02-01,2024
88363,LENTOR HILLS RESIDENCES,2775000.0,1356.26,2046,LENTOR HILLS ROAD,01 to 05,2024-01-01,2024
88364,HILLHAVEN,1609404.0,796.54,2021,HILLVIEW RISE,06 to 10,2024-01-01,2024
88365,THE MYST,1595000.0,699.66,2280,UPPER BUKIT TIMAH ROAD,16 to 20,2024-01-01,2024
88366,THE MYST,1978000.0,1033.34,1914,UPPER BUKIT TIMAH ROAD,01 to 05,2024-01-01,2024
88367,H2O RESIDENCES,1000000.0,796.54,1255,FERNVALE LINK,01 to 05,2024-01-01,2024
88368,THE CENTRIS,1760000.0,1065.64,1652,JURONG WEST CENTRAL 3,06 to 10,2024-01-01,2024
88369,LENTOR MODERN,2189000.0,968.76,2260,LENTOR CENTRAL,21 to 25,2024-01-01,2024
88370,CANBERRA RESIDENCES,1150000.0,1119.46,1027,CANBERRA DRIVE,01 to 05,2024-01-01,2024
88371,HAZEL PARK CONDOMINIUM,2222000.0,1377.79,1613,HAZEL PARK TERRACE,11 to 15,2024-01-01,2024
88372,PARC OASIS,1490000.0,1227.1,1214,JURONG EAST AVENUE 1,06 to 10,2024-01-01,2024
88373,THE MILTONIA RESIDENCES,1000000.0,839.59,1191,MILTONIA CLOSE,01 to 05,2024-01-01,2024
88374,MAYSPRINGS,955000.0,818.06,1167,PETIR ROAD,11 to 15,2024-01-01,2024
88375,PALM GARDENS,1300000.0,1216.33,1069,HONG SAN WALK,11 to 15,2024-01-01,2024
88376,HILLION RESIDENCES,1990000.0,1162.51,1712,JELEBU ROAD,21 to 25,2024-01-01,2024
88377,HILLION RESIDENCES,1300000.0,710.42,1830,JELEBU ROAD,11 to 15,2024-01-01,2024
88378,SEASONS PARK,1585000.0,1248.62,1269,YIO CHU KANG ROAD,01 to 05,2024-01-01,2024
88379,PARC OASIS,1490000.0,1227.1,1214,JURONG EAST AVENUE 1,16 to 20,2024-01-01,2024
88380,HILLHAVEN,1522520.0,699.66,2176,HILLVIEW RISE,06 to 10,2024-01-01,2024
88381,THE MYST,2161000.0,1033.34,2091,UPPER BUKIT TIMAH ROAD,16 to 20,2024-01-01,2024
88382,THE MYST,2005000.0,1033.34,1940,UPPER BUKIT TIMAH ROAD,06 to 10,2024-01-01,2024
88383,THE MYST,1626000.0,699.66,2324,UPPER BUKIT TIMAH ROAD,21 to 25,2024-01-01,2024
88384,THE MYST,1618000.0,699.66,2313,UPPER BUKIT TIMAH ROAD,16 to 20,2024-01-01,2024
88385,HIGH PARK RESIDENCES,938000.0,581.26,1614,FERNVALE ROAD,11 to 15,2024-01-01,2024
88386,PARC OASIS,1630000.0,1377.79,1183,JURONG EAST AVENUE 1,06 to 10,2024-01-01,2024
88387,HILLSTA,718000.0,527.44,1361,PHOENIX ROAD,01 to 05,2024-01-01,2024
88388,THE ESTUARY,1700000.0,1528.49,1112,YISHUN AVENUE 1,01 to 05,2024-01-01,2024
88389,LAKEVILLE,1730000.0,990.29,1747,JURONG LAKE LINK,01 to 05,2024-01-01,2024
88390,HIGH PARK RESIDENCES,1120000.0,871.88,1285,FERNVALE ROAD,06 to 10,2024-01-01,2024
88391,LENTOR HILLS RESIDENCES,2889000.0,1356.26,2130,LENTOR HILLS ROAD,11 to 15,2024-01-01,2024
88392,SKIES MILTONIA,690000.0,527.44,1308,MILTONIA CLOSE,06 to 10,2024-01-01,2024
88393,HILLVIEW REGENCY,1250000.0,1108.69,1127,BUKIT BATOK EAST AVENUE 2,11 to 15,2024-01-01,2024
88394,THE BOTANY AT DAIRY FARM,2025000.0,1033.34,1960,DAIRY FARM WALK,01 to 05,2024-01-01,2024
88395,THE BOTANY AT DAIRY FARM,2025000.0,1033.34,1960,DAIRY FARM WALK,06 to 10,2024-01-01,2024
88396,ROSEWOOD,1500000.0,1625.36,923,ROSEWOOD DRIVE,01 to 05,2024-01-01,2024
88397,MIDWOOD,1568000.0,785.77,1995,HILLVIEW RISE,11 to 15,2024-01-01,2024
88398,PARC BOTANNIA,1570000.0,979.52,1603,FERNVALE STREET,16 to 20,2024-01-01,2024
88399,THE BOTANY AT DAIRY FARM,2610000.0,1291.68,2021,DAIRY FARM WALK,06 to 10,2024-01-01,2024
88400,LENTOR HILLS RESIDENCES,1966000.0,979.52,2007,LENTOR HILLS ROAD,01 to 05,2024-01-01,2024
88401,H2O RESIDENCES,1970000.0,1388.56,1419,FERNVALE LINK,01 to 05,2024-01-01,2024
88402,THE MYST,1214000.0,516.67,2350,UPPER BUKIT TIMAH ROAD,21 to 25,2024-01-01,2024
88403,CHANTILLY RISE,1955000.0,1442.38,1355,HILLVIEW AVENUE,06 to 10,2024-01-01,2024
88404,THE LINEAR,1680000.0,1280.92,1312,UPPER BUKIT TIMAH ROAD,01 to 05,2024-01-01,2024
88405,THE BOTANY AT DAIRY FARM,2655000.0,1291.68,2055,DAIRY FARM WALK,06 to 10,2024-01-01,2024
88406,RIVERTREES RESIDENCES,1880000.0,1323.97,1420,FERNVALE CLOSE,01 to 05,2024-01-01,2024
88407,HILLS TWOONE,860000.0,570.49,1507,HILLVIEW TERRACE,01 to 05,2024-01-01,2024
88408,HILLVIEW PARK,1780000.0,1227.1,1451,HILLVIEW AVENUE,01 to 05,2024-01-01,2024
88409,HIGH PARK RESIDENCES,980000.0,667.37,1468,FERNVALE ROAD,11 to 15,2024-01-01,2024
88410,HILLHAVEN,1463020.0,699.66,2091,HILLVIEW RISE,01 to 05,2024-01-01,2024
88411,HILLHAVEN,1378020.0,678.13,2032,HILLVIEW RISE,01 to 05,2024-01-01,2024
88412,HILLHAVEN,1711815.0,796.54,2149,HILLVIEW RISE,16 to 20,2024-01-01,2024
88413,PALM GARDENS,1300000.0,1205.57,1078,HONG SAN WALK,11 to 15,2024-01-01,2024
88414,PARC OASIS,1480000.0,1227.1,1206,JURONG EAST AVENUE 1,06 to 10,2024-01-01,2024
88415,HILLION RESIDENCES,818000.0,473.62,1727,JELEBU ROAD,06 to 10,2024-01-01,2024
88416,KANDIS RESIDENCE,1025000.0,764.24,1341,KANDIS LINK,01 to 05,2024-01-01,2024
88417,THE BOTANY AT DAIRY FARM,2576000.0,1291.68,1994,DAIRY FARM WALK,06 to 10,2024-01-01,2024
88418,LENTOR HILLS RESIDENCES,2413000.0,1130.22,2135,LENTOR HILLS ROAD,16 to 20,2024-01-01,2024
88419,LENTOR HILLS RESIDENCES,2283000.0,1097.93,2079,LENTOR HILLS ROAD,06 to 10,2024-01-01,2024
88420,LENTOR HILLS RESIDENCES,2700000.0,1399.32,1930,LENTOR HILLS ROAD,01 to 05,2024-01-01,2024
88421,HILLHAVEN,2062100.0,1011.82,2038,HILLVIEW RISE,06 to 10,2024-01-01,2024
88422,HILLHAVEN,1474155.0,721.19,2044,HILLVIEW RISE,06 to 10,2024-01-01,2024
88423,HILLHAVEN,1954320.0,958.0,2040,HILLVIEW RISE,06 to 10,2024-01-01,2024
88424,THE MYST,2133000.0,1033.34,2064,UPPER BUKIT TIMAH ROAD,11 to 15,2024-01-01,2024
88425,THE MYST,2014000.0,1033.34,1949,UPPER BUKIT TIMAH ROAD,06 to 10,2024-01-01,2024
88426,THE LAKEGARDEN RESIDENCES,1317200.0,592.02,2225,YUAN CHING ROAD,11 to 15,2024-01-01,2024
88427,LE QUEST,1530000.0,936.47,1634,BUKIT BATOK STREET 41,11 to 15,2024-01-01,2024
88428,HILLHAVEN,1388220.0,678.13,2047,HILLVIEW RISE,01 to 05,2024-01-01,2024
88429,HILLHAVEN,1384820.0,678.13,2042,HILLVIEW RISE,06 to 10,2024-01-01,2024
88430,HILLHAVEN,1640925.0,796.54,2060,HILLVIEW RISE,06 to 10,2024-01-01,2024
88431,HILLHAVEN,1598680.0,796.54,2007,HILLVIEW RISE,06 to 10,2024-01-01,2024
88432,HILLHAVEN,1391535.0,678.13,2052,HILLVIEW RISE,06 to 10,2024-01-01,2024
88433,HILLHAVEN,1406750.0,678.13,2074,HILLVIEW RISE,06 to 10,2024-01-01,2024
88434,HILLHAVEN,1648830.0,796.54,2070,HILLVIEW RISE,06 to 10,2024-01-01,2024
88435,HILLHAVEN,1508495.0,699.66,2156,HILLVIEW RISE,06 to 10,2024-01-01,2024
88436,HILLHAVEN,1572767.0,796.54,1975,HILLVIEW RISE,06 to 10,2024-01-01,2024
88437,HILLHAVEN,1401735.0,678.13,2067,HILLVIEW RISE,06 to 10,2024-01-01,2024
88438,HILLHAVEN,1416950.0,678.13,2089,HILLVIEW RISE,06 to 10,2024-01-01,2024
88439,HILLHAVEN,1660815.0,796.54,2085,HILLVIEW RISE,06 to 10,2024-01-01,2024
88440,HILLHAVEN,1408535.0,678.13,2077,HILLVIEW RISE,06 to 10,2024-01-01,2024
88441,HILLHAVEN,1423665.0,678.13,2099,HILLVIEW RISE,06 to 10,2024-01-01,2024
88442,HILLHAVEN,1668805.0,796.54,2095,HILLVIEW RISE,06 to 10,2024-01-01,2024
88443,HILLHAVEN,1588288.0,796.54,1994,HILLVIEW RISE,06 to 10,2024-01-01,2024
88444,HILLHAVEN,1415335.0,678.13,2087,HILLVIEW RISE,06 to 10,2024-01-01,2024
88445,HILLHAVEN,1396807.0,678.13,2060,HILLVIEW RISE,06 to 10,2024-01-01,2024
88446,HILLHAVEN,1676710.0,796.54,2105,HILLVIEW RISE,06 to 10,2024-01-01,2024
88447,HILLHAVEN,1596090.0,796.54,2004,HILLVIEW RISE,11 to 15,2024-01-01,2024
88448,HILLHAVEN,1437265.0,678.13,2119,HILLVIEW RISE,11 to 15,2024-01-01,2024
88449,HILLHAVEN,1684700.0,796.54,2115,HILLVIEW RISE,11 to 15,2024-01-01,2024
88450,HILLHAVEN,2082330.0,1011.82,2058,HILLVIEW RISE,11 to 15,2024-01-01,2024
88451,HILLHAVEN,1642540.0,796.54,2062,HILLVIEW RISE,11 to 15,2024-01-01,2024
88452,HILLHAVEN,1428850.0,678.13,2107,HILLVIEW RISE,11 to 15,2024-01-01,2024
88453,HILLHAVEN,1444065.0,678.13,2129,HILLVIEW RISE,11 to 15,2024-01-01,2024
88454,HILLHAVEN,1692690.0,796.54,2125,HILLVIEW RISE,11 to 15,2024-01-01,2024
88455,HILLHAVEN,2092445.0,1011.82,2068,HILLVIEW RISE,11 to 15,2024-01-01,2024
88456,HILLHAVEN,1428850.0,678.13,2107,HILLVIEW RISE,11 to 15,2024-01-01,2024
88457,HILLHAVEN,1428850.0,678.13,2107,HILLVIEW RISE,11 to 15,2024-01-01,2024
88458,HILLHAVEN,2122790.0,1011.82,2098,HILLVIEW RISE,16 to 20,2024-01-01,2024
88459,HILLHAVEN,2148120.0,1011.82,2123,HILLVIEW RISE,16 to 20,2024-01-01,2024
88460,HILLHAVEN,2229040.0,1011.82,2203,HILLVIEW RISE,26 to 30,2024-01-01,2024
88461,HILLHAVEN,1466930.0,721.19,2034,HILLVIEW RISE,06 to 10,2024-01-01,2024
88462,HILLHAVEN,1861330.0,947.23,1965,HILLVIEW RISE,06 to 10,2024-01-01,2024
88463,HILLHAVEN,1920830.0,958.0,2005,HILLVIEW RISE,06 to 10,2024-01-01,2024
88464,HILLHAVEN,1870850.0,947.23,1975,HILLVIEW RISE,06 to 10,2024-01-01,2024
88465,HILLHAVEN,1528810.0,699.66,2185,HILLVIEW RISE,06 to 10,2024-01-01,2024
88466,HILLHAVEN,2001410.0,1011.82,1978,HILLVIEW RISE,06 to 10,2024-01-01,2024
88467,HILLHAVEN,1935195.0,958.0,2020,HILLVIEW RISE,06 to 10,2024-01-01,2024
88468,HILLHAVEN,1484950.0,721.19,2059,HILLVIEW RISE,06 to 10,2024-01-01,2024
88469,HILLHAVEN,1885045.0,947.23,1990,HILLVIEW RISE,06 to 10,2024-01-01,2024
88470,HILLHAVEN,1944800.0,958.0,2030,HILLVIEW RISE,06 to 10,2024-01-01,2024
88471,HILLHAVEN,1894480.0,947.23,2000,HILLVIEW RISE,06 to 10,2024-01-01,2024
88472,THE BOTANY AT DAIRY FARM,2189000.0,1033.34,2118,DAIRY FARM WALK,06 to 10,2024-01-01,2024
88473,HILLHAVEN,1917715.0,958.0,2002,HILLVIEW RISE,11 to 15,2024-01-01,2024
88474,HILLHAVEN,1506625.0,721.19,2089,HILLVIEW RISE,11 to 15,2024-01-01,2024
88475,HILLHAVEN,1973530.0,958.0,2060,HILLVIEW RISE,11 to 15,2024-01-01,2024
88476,HILLHAVEN,1513850.0,721.19,2099,HILLVIEW RISE,11 to 15,2024-01-01,2024
88477,HILLHAVEN,2867220.0,1377.79,2081,HILLVIEW RISE,16 to 20,2024-01-01,2024
88478,HILLHAVEN,2082330.0,1011.82,2058,HILLVIEW RISE,16 to 20,2024-01-01,2024
88479,HILLHAVEN,2107660.0,1011.82,2083,HILLVIEW RISE,16 to 20,2024-01-01,2024
88480,THE MYST,1500000.0,678.13,2212,UPPER BUKIT TIMAH ROAD,11 to 15,2024-01-01,2024
88481,THE MYST,1563000.0,699.66,2234,UPPER BUKIT TIMAH ROAD,16 to 20,2024-01-01,2024
88482,THE MYST,2059000.0,1033.34,1993,UPPER BUKIT TIMAH ROAD,11 to 15,2024-01-01,2024
88483,THE MYST,1207000.0,516.67,2336,UPPER BUKIT TIMAH ROAD,16 to 20,2024-01-01,2024
88484,NORTH PARK RESIDENCES,1000000.0,548.96,1822,YISHUN CENTRAL 1,06 to 10,2024-01-01,2024
88485,LENTOR MODERN,2638000.0,1108.69,2379,LENTOR CENTRAL,21 to 25,2024-01-01,2024
88486,SEASONS PARK,1550000.0,1291.68,1200,YIO CHU KANG ROAD,06 to 10,2024-01-01,2024
88487,LENTOR MODERN,3178000.0,1528.49,2079,LENTOR CENTRAL,01 to 05,2024-01-01,2024
88488,THE MYST,1602000.0,699.66,2290,UPPER BUKIT TIMAH ROAD,16 to 20,2024-01-01,2024
88489,NORTH PARK RESIDENCES,978000.0,548.96,1782,YISHUN CENTRAL 1,06 to 10,2024-01-01,2024
88490,HILLVIEW REGENCY,1240000.0,1108.69,1118,BUKIT BATOK EAST AVENUE 2,16 to 20,2024-01-01,2024
88491,J GATEWAY,888000.0,495.14,1793,GATEWAY DRIVE,06 to 10,2024-01-01,2024
88492,HIGH PARK RESIDENCES,1000000.0,667.37,1498,FERNVALE ROAD,01 to 05,2024-01-01,2024
88493,KINGSFORD . HILLVIEW PEAK,816800.0,548.96,1488,HILLVIEW RISE,11 to 15,2024-01-01,2024
88494,PARC BOTANNIA,948000.0,592.02,1601,FERNVALE STREET,06 to 10,2024-01-01,2024
88495,H2O RESIDENCES,1100000.0,850.36,1294,FERNVALE LINK,01 to 05,2024-01-01,2024
88496,SYMPHONY SUITES,860000.0,688.9,1248,YISHUN CLOSE,01 to 05,2024-01-01,2024
88497,RIVERTREES RESIDENCES,828000.0,581.26,1425,FERNVALE CLOSE,16 to 20,2024-01-01,2024
88498,LENTOR HILLS RESIDENCES,1642000.0,721.19,2277,LENTOR HILLS ROAD,16 to 20,2024-01-01,2024
88499,HILLHAVEN,2087820.0,1011.82,2063,HILLVIEW RISE,11 to 15,2024-01-01,2024
88500,REGENT HEIGHTS,1275000.0,1162.51,1097,BUKIT BATOK EAST AVENUE 5,16 to 20,2024-01-01,2024
88501,HILLHAVEN,2198695.0,1011.82,2173,HILLVIEW RISE,26 to 30,2024-01-01,2024
88502,THE MYST,1493000.0,678.13,2202,UPPER BUKIT TIMAH ROAD,11 to 15,2024-01-01,2024
88503,THE MYST,2926000.0,1517.72,1928,UPPER BUKIT TIMAH ROAD,06 to 10,2024-01-01,2024
88504,THE BOTANY AT DAIRY FARM,2152000.0,1076.4,1999,DAIRY FARM WALK,01 to 05,2024-01-01,2024
88505,GUILIN VIEW,1490000.0,1259.39,1183,BUKIT BATOK STREET 52,26 to 30,2024-01-01,2024
88506,MIDWOOD,970000.0,484.38,2003,HILLVIEW RISE,11 to 15,2024-01-01,2024
88507,GUILIN VIEW,1465000.0,1259.39,1163,BUKIT BATOK STREET 52,06 to 10,2024-01-01,2024
88508,LENTOR HILLS RESIDENCES,2057000.0,958.0,2147,LENTOR HILLS ROAD,11 to 15,2024-01-01,2024
88509,LENTOR HILLS RESIDENCES,1650000.0,721.19,2288,LENTOR HILLS ROAD,16 to 20,2024-01-01,2024
88510,HILLHAVEN,1422050.0,678.13,2097,HILLVIEW RISE,11 to 15,2024-01-01,2024
88511,SYMPHONY SUITES,1170000.0,914.94,1279,YISHUN CLOSE,06 to 10,2024-01-01,2024
88512,J GATEWAY,1326000.0,678.13,1955,GATEWAY DRIVE,01 to 05,2024-01-01,2024
88513,THE CENTRIS,1630000.0,1065.64,1530,JURONG WEST CENTRAL 3,06 to 10,2024-01-01,2024
88514,THE ARDEN,1348000.0,721.19,1869,PHOENIX ROAD,01 to 05,2024-01-01,2024
88515,RIVERTREES RESIDENCES,1800000.0,1205.57,1493,FERNVALE CLOSE,01 to 05,2024-01-01,2024
88516,LENTOR HILLS RESIDENCES,2587000.0,1345.5,1923,LENTOR HILLS ROAD,01 to 05,2024-01-01,2024
88517,CASTLE GREEN,1500000.0,1216.33,1233,YIO CHU KANG ROAD,06 to 10,2024-01-01,2024
88518,THE MYST,1978000.0,1033.34,1914,UPPER BUKIT TIMAH ROAD,01 to 05,2024-01-01,2024
88519,THE MYST,1610000.0,699.66,2301,UPPER BUKIT TIMAH ROAD,16 to 20,2024-01-01,2024
88520,LE QUEST,1538000.0,936.47,1642,BUKIT BATOK STREET 41,06 to 10,2024-01-01,2024
88521,FOREST HILLS CONDOMINIUM,1165000.0,1044.11,1116,TRANSIT ROAD,01 to 05,2024-01-01,2024
88522,LENTOR HILLS RESIDENCES,2948000.0,1356.26,2174,LENTOR HILLS ROAD,16 to 20,2024-01-01,2024
88523,THE MYST,2050000.0,1033.34,1984,UPPER BUKIT TIMAH ROAD,06 to 10,2024-01-01,2024
88524,PARC VISTA,1450000.0,1259.39,1151,CORPORATION ROAD,06 to 10,2024-01-01,2024
88525,THE BOTANY AT DAIRY FARM,2172000.0,1033.34,2102,DAIRY FARM WALK,06 to 10,2024-01-01,2024
88526,LENTOR MODERN,2421000.0,1130.22,2142,LENTOR CENTRAL,21 to 25,2024-01-01,2024
88527,LENTOR HILLS RESIDENCES,2243000.0,1119.46,2004,LENTOR HILLS ROAD,01 to 05,2024-01-01,2024
88528,LENTOR HILLS RESIDENCES,1777000.0,753.48,2358,LENTOR HILLS ROAD,16 to 20,2024-01-01,2024
88529,THE MYST,1507000.0,678.13,2222,UPPER BUKIT TIMAH ROAD,16 to 20,2024-01-01,2024
88530,HILLVIEW PARK,1300000.0,775.01,1677,HILLVIEW AVENUE,06 to 10,2024-01-01,2024
88531,LENTOR MODERN,2245000.0,1130.22,1986,LENTOR CENTRAL,06 to 10,2024-01-01,2024
88532,HILLINGTON GREEN,2375000.0,1528.49,1554,HILLVIEW AVENUE,06 to 10,2024-01-01,2024
88533,LAUREL TREE,720000.0,462.85,1556,HILLVIEW TERRACE,01 to 05,2024-01-01,2024
88534,TREE HOUSE,1860000.0,1227.1,1516,CHESTNUT AVENUE,01 to 05,2024-01-01,2024
88535,CHANTILLY RISE,1880000.0,1539.25,1221,HILLVIEW AVENUE,06 to 10,2024-01-01,2024
88536,J'DEN,2302000.0,818.06,2814,JURONG EAST CENTRAL 1,36 to 40,2024-01-01,2024
88537,ECO SANCTUARY,1200000.0,775.01,1548,CHESTNUT AVENUE,11 to 15,2024-01-01,2024
88538,THE MILTONIA RESIDENCES,1660000.0,1517.72,1094,MILTONIA CLOSE,01 to 05,2024-01-01,2024
88539,CANBERRA RESIDENCES,1420000.0,1323.97,1073,CANBERRA DRIVE,01 to 05,2024-01-01,2024
88540,SKIES MILTONIA,722000.0,484.38,1491,MILTONIA CLOSE,06 to 10,2024-01-01,2024
88541,IVORY HEIGHTS,1835000.0,1948.28,942,JURONG EAST STREET 13,01 to 05,2024-01-01,2024
88542,GUILIN VIEW,1718000.0,1743.77,985,BUKIT BATOK STREET 52,01 to 05,2024-01-01,2024
88543,HILLOCK GREEN,1482000.0,710.42,2086,LENTOR CENTRAL,01 to 05,2024-01-01,2024
88544,LAKE GRANDE,1470000.0,818.06,1797,JURONG LAKE LINK,06 to 10,2024-01-01,2024
88545,BULLION PARK,1298000.0,807.3,1608,LENTOR LOOP,06 to 10,2024-01-01,2024
88546,MAYSPRINGS,1820000.0,1550.02,1174,PETIR ROAD,21 to 25,2024-01-01,2024
88547,FORESQUE RESIDENCES,1132500.0,742.72,1525,PETIR ROAD,11 to 15,2024-01-01,2024
88548,THOMSON GROVE,2250000.0,1485.43,1515,YIO CHU KANG ROAD,06 to 10,2024-01-01,2024
88549,LAKEVILLE,1500000.0,968.76,1548,JURONG LAKE LINK,06 to 10,2024-01-01,2024
88550,THE TENNERY,830000.0,613.55,1353,WOODLANDS ROAD,11 to 15,2024-01-01,2024
88551,BULLION PARK,1650000.0,1259.39,1310,LENTOR LOOP,01 to 05,2024-01-01,2024
88552,NORTHVALE,1300000.0,1291.68,1006,CHOA CHU KANG LOOP,01 to 05,2024-01-01,2024
88553,THE LAKEFRONT RESIDENCES,1140000.0,721.19,1581,LAKESIDE DRIVE,11 to 15,2024-01-01,2024
88554,ORCHID PARK CONDOMINIUM,938000.0,958.0,979,YISHUN STREET 81,01 to 05,2024-01-01,2024
88555,LAKEVILLE,1280000.0,764.24,1675,JURONG LAKE LINK,06 to 10,2024-01-01,2024
88556,HAZEL PARK CONDOMINIUM,2230000.0,1334.74,1671,HAZEL PARK TERRACE,06 to 10,2024-01-01,2024
88557,THE ESSENCE,1340000.0,818.06,1638,CHONG KUO ROAD,01 to 05,2024-01-01,2024
88558,LENTOR MODERN,2170000.0,968.76,2240,LENTOR CENTRAL,21 to 25,2024-01-01,2024
88559,THE LAKEGARDEN RESIDENCES,1681500.0,775.01,2170,YUAN CHING ROAD,06 to 10,2024-01-01,2024
88560,THE BOTANY AT DAIRY FARM,1885000.0,925.7,2036,DAIRY FARM WALK,01 to 05,2024-01-01,2024
88561,EUPHONY GARDENS,1160000.0,1162.51,998,JALAN MATA AYER,01 to 05,2024-01-01,2024
88562,WOODHAVEN,890888.0,699.66,1273,WOODGROVE AVENUE,01 to 05,2024-01-01,2024
88563,NORTH PARK RESIDENCES,1750000.0,1054.87,1659,YISHUN CENTRAL 1,01 to 05,2024-01-01,2024
88564,RIVERTREES RESIDENCES,1632000.0,1119.46,1458,FERNVALE CLOSE,06 to 10,2024-01-01,2024
88565,LENTOR MODERN,3413000.0,1528.49,2233,LENTOR CENTRAL,21 to 25,2024-01-01,2024
88566,PALM GARDENS,1560000.0,1431.61,1090,HONG SAN WALK,06 to 10,2024-01-01,2024
88567,THE HILLIER,910000.0,592.02,1537,HILLVIEW RISE,11 to 15,2024-01-01,2024
88568,PARC OASIS,1630000.0,1377.79,1183,JURONG EAST AVENUE 1,11 to 15,2024-01-01,2024
88569,SYMPHONY SUITES,1020000.0,785.77,1298,YISHUN CLOSE,11 to 15,2024-01-01,2024
88570,BULLION PARK,1818888.0,1237.86,1469,LENTOR LOOP,06 to 10,2024-01-01,2024
88571,THOMSON GROVE,2480000.0,1485.43,1670,YIO CHU KANG ROAD,06 to 10,2024-01-01,2024
88572,FLORAVILLE,1880000.0,1410.08,1333,CACTUS ROAD,01 to 05,2024-01-01,2024
88573,LAUREL TREE,840000.0,871.88,963,HILLVIEW TERRACE,06 to 10,2024-01-01,2024
88574,THE WARREN,1350000.0,1248.62,1081,CHOA CHU KANG LOOP,06 to 10,2024-01-01,2024
88575,THE MYST,1207000.0,516.67,2336,UPPER BUKIT TIMAH ROAD,16 to 20,2024-01-01,2024
88576,MAYSPRINGS,960000.0,904.18,1062,PETIR ROAD,11 to 15,2024-01-01,2024
88577,SELETAR PARK RESIDENCE,1490000.0,1506.96,989,SELETAR ROAD,01 to 05,2024-01-01,2024
88578,THE ESTUARY,1540000.0,1194.8,1289,YISHUN AVENUE 1,11 to 15,2024-01-01,2024
88579,NORTHVALE,790000.0,688.9,1147,CHOA CHU KANG LOOP,06 to 10,2024-01-01,2024